account_id	account_name	industry	country	signup_date	referral_source	plan_tier	seats	is_trial	churn_flag	total_subscriptions	avg_mrr	avg_arr	total_upgrades	total_downgrades	auto_renew_count	trial_count	total_usage	avg_usage_duration	total_errors	beta_feature_usage	ticket_count	avg_resolution_time	avg_first_response	avg_satisfaction	total_escalations	total_refund	pre_upgrade_count	pre_downgrade_count	reactivation_count	churn_events_count
A-2e4581	Company_0	EdTech	US	16-10-2024	partner	Basic	9	FALSE	FALSE	10	1260.3	15123.6	1	0	8	2	535	2769.8	38	4	2	23	91	3	0	0	1	0	0	2
A-43a9e3	Company_1	FinTech	IN	17-08-2023	other	Basic	18	FALSE	TRUE	8	1250.5	15006	3	0	6	0	355	2889.6	14	2	3	38	73.33333333	4	0					
A-0a282f	Company_2	DevTools	US	27-08-2024	organic	Basic	1	FALSE	FALSE	15	1219.066667	14628.8	1	1	15	1	821	3026.626506	48	5	3	43.66666667	63.66666667	4.666666667	0	62.66	0	1	0	2
A-1f0ac7	Company_3	HealthTech	UK	27-08-2023	other	Basic	24	TRUE	FALSE	7	1325	15900	2	0	5	1	382	2500.682927	21	5	2	29	174		0	0	1	0	0	1
A-ce550d	Company_4	HealthTech	US	27-10-2024	event	Enterprise	35	FALSE	TRUE	9	5417.888889	65014.66667	2	0	6	1	579	3720.327586	31	4	7	42.28571429	107.8571429	3.8	1	0	1	0	0	1
A-1b9609	Company_5	EdTech	IN	12-10-2023	ads	Enterprise	4	FALSE	FALSE	11	1528.181818	18338.18182	0	0	9	1	457	2990.234043	21	6	4	43	74.75	3	0	0	1	0	0	3
A-a0ca4e	Company_6	Cybersecurity	US	08-03-2024	ads	Pro	11	FALSE	FALSE	9	1848.111111	22177.33333	0	0	8	1	373	2999.076923	14	3	6	39.16666667	89.83333333	3.8	3					
A-e5d6ab	Company_7	EdTech	US	15-04-2023	partner	Pro	3	FALSE	FALSE	10	1304.8	15657.6	0	0	9	1	382	2719.658537	23	5	3	42.66666667	57		0	0	1	0	0	2
A-7dacce	Company_8	Cybersecurity	CA	10-09-2024	event	Enterprise	12	FALSE	TRUE	10	2305.7	27668.4	1	0	7	3	472	3029.770833	29	5	4	32.5	75.25	3.666666667	0	0	1	0	0	3
A-10b8da	Company_9	DevTools	US	08-05-2023	partner	Enterprise	14	FALSE	TRUE	6	1464.5	17574	1	0	4	1	257	2734	14	2	3	31.33333333	71.33333333	3.5	0					
A-592832	Company_10	Cybersecurity	US	25-09-2024	organic	Basic	18	FALSE	TRUE	19	1714.263158	20571.15789	1	1	15	3	1053	3230.524752	55	13	3	32.66666667	80.66666667	5	0	22.66	0	0	0	1
A-d40bf7	Company_11	FinTech	IN	08-11-2024	organic	Basic	59	FALSE	FALSE	10	4324.7	51896.4	1	0	6	3	562	2730.654545	22	5	2	20.5	125.5	5	0					
A-6c093d	Company_12	DevTools	US	14-04-2023	partner	Basic	7	TRUE	FALSE	12	1353.5	16242	2	0	10	2	670	3394.921875	30	10	3	40.33333333	68.33333333	5	1					
A-462d45	Company_13	Cybersecurity	US	15-01-2024	partner	Enterprise	11	TRUE	FALSE	12	1952.666667	23432	1	2	10	2	642	2312.478261	26	8	4	26.75	95	4	0	0	0	0	0	1
A-956988	Company_14	EdTech	UK	30-11-2024	ads	Enterprise	1	FALSE	FALSE	13	2262.076923	27144.92308	0	1	10	2	658	2474.742857	49	8	2	50.5	118	3	0	0	1	1	1	2
A-ac14bb	Company_15	FinTech	US	08-09-2023	partner	Enterprise	21	FALSE	FALSE	8	3468.25	41619	2	0	7	1	531	3163.444444	42	7	2	24.5	30.5	4	0	128.79	0	0	0	2
A-463db0	Company_16	HealthTech	US	05-12-2024	partner	Basic	15	FALSE	FALSE	7	1895.142857	22741.71429	0	0	5	0	367	2871.864865	13	3	6	50.16666667	94.83333333	4.25	1	0	0	0	1	1
A-ce66f8	Company_17	EdTech	CA	23-08-2023	event	Pro	29	FALSE	FALSE	6	1976.333333	23716	0	0	6	0	494	2903.456522	19	6	6	41.66666667	79.16666667	3.5	0					
A-c4ea60	Company_18	FinTech	DE	09-03-2023	other	Enterprise	18	FALSE	TRUE	9	1627.333333	19528	0	1	7	1	427	3191.72093	18	9	5	36	59	3.6	0					
A-832ec2	Company_19	FinTech	UK	19-11-2023	event	Enterprise	4	TRUE	FALSE	8	1162.375	13948.5	3	0	3	2	511	3218.591837	25	6	3	26	108.6666667	4	1	0	1	0	0	2
A-684255	Company_20	FinTech	US	14-04-2024	ads	Enterprise	9	FALSE	FALSE	14	846	10152	3	1	9	2	653	2906.80303	44	15	4	14.25	97.75	4.666666667	1	0	0	0	1	2
A-c42f1f	Company_21	HealthTech	US	28-07-2024	other	Pro	8	FALSE	FALSE	8	646.875	7762.5	1	1	6	0	337	2810.942857	20	5	9	31.33333333	81.88888889	4	1					
A-4e44e8	Company_22	DevTools	US	20-08-2024	ads	Enterprise	3	FALSE	TRUE	14	2603.214286	31238.57143	2	0	11	3	687	3020.101449	37	8	3	31.33333333	76.66666667	3.333333333	0	35.48	1	0	1	2
A-30b4ca	Company_23	EdTech	IN	20-05-2024	organic	Basic	86	FALSE	TRUE	8	9492.25	113907	0	0	7	1	402	3034.119048	22	10	3	57.66666667	108.3333333	4	0	0	0	0	0	1
A-9f2731	Company_24	FinTech	IN	04-10-2024	event	Enterprise	1	FALSE	FALSE	7	516.1428571	6193.714286	0	1	7	3	324	3066.03125	20	2						136.94	0	0	0	2
A-32fb14	Company_25	DevTools	US	07-03-2023	event	Enterprise	26	FALSE	TRUE	9	1129.111111	13549.33333	2	0	7	1	488	3206.553191	19	2	5	34	59.6	4.5	0	0	0	0	0	3
A-00cac8	Company_26	HealthTech	AU	15-09-2023	organic	Enterprise	8	TRUE	FALSE	9	1569	18828	0	1	8	1	602	2954.586207	31	7	2	33	120.5		0					
A-35083d	Company_27	HealthTech	IN	28-04-2023	partner	Basic	19	FALSE	TRUE	16	2027.0625	24324.75	3	0	14	3	791	3292.430556	37	7	4	49.75	119	5	0					
A-eb7fac	Company_28	DevTools	US	28-10-2023	organic	Enterprise	7	FALSE	FALSE	10	4209.6	50515.2	0	0	9	0	538	3504.320755	44	6	4	34	126.5	4	0	0	0	0	0	1
A-b20d99	Company_29	HealthTech	IN	27-09-2023	other	Basic	20	FALSE	FALSE	7	1581.285714	18975.42857	1	0	6	0	329	3188.30303	12	5	2	61.5	27	3.5	0	0	0	0	0	1
A-396e5f	Company_30	Cybersecurity	CA	02-10-2024	other	Enterprise	2	FALSE	FALSE	10	1023.6	12283.2	2	1	8	1	540	3189.581818	23	5	5	24.8	102.8	4	1	0	0	0	0	1
A-45ce7a	Company_31	FinTech	US	23-07-2023	ads	Enterprise	16	FALSE	FALSE	7	1173.714286	14084.57143	2	1	5	1	424	3204.564103	30	2	5	45.4	91.8	3.666666667	0					
A-08e34e	Company_32	EdTech	US	27-06-2024	event	Basic	14	FALSE	TRUE	11	1983.727273	23804.72727	0	0	7	2	651	2967.126984	32	7	3	43	84	3	0	228.75	0	0	0	2
A-8145a0	Company_33	Cybersecurity	AU	25-04-2023	partner	Basic	2	TRUE	FALSE	12	1438.333333	17260	2	0	11	1	693	3127.765625	27	5	6	23.66666667	90.16666667	4	0	0	0	0	0	1
A-bad8c1	Company_34	FinTech	AU	01-03-2023	organic	Basic	7	FALSE	FALSE	7	1113.857143	13366.28571	2	0	7	2	385	3396.621622	11	6	1	27	49	4	0	0	0	0	1	1
A-44dc83	Company_35	EdTech	FR	12-05-2024	other	Basic	5	FALSE	FALSE	4	114	1368	0	0	4	3	248	3379.958333	13	3	7	40.85714286	76.14285714	4.6	0	98.48	0	1	0	1
A-f446b6	Company_36	DevTools	DE	12-05-2023	ads	Pro	5	TRUE	FALSE	9	1265.777778	15189.33333	0	0	7	0	376	3269.615385	31	3	8	30.75	82.5	4.25	1					
A-a45270	Company_37	HealthTech	US	24-06-2024	ads	Enterprise	3	FALSE	FALSE	12	1677.583333	20131	2	1	9	2	733	3134.957746	53	4	4	64	110	4	0	0	0	0	0	1
A-854864	Company_38	FinTech	IN	07-12-2024	event	Enterprise	20	FALSE	FALSE	6	2459.833333	29518	0	0	5	0	248	3063.208333	10	4	5	44.2	100.8	4.8	0	8.47	1	0	0	1
A-1b7577	Company_39	Cybersecurity	US	27-10-2024	other	Pro	4	FALSE	FALSE	11	797.3636364	9568.363636	0	1	11	1	647	3154.806452	33	4	5	27.2	109.4	4	0					
A-05f0e5	Company_40	FinTech	US	04-05-2023	partner	Basic	32	FALSE	FALSE	12	4259.083333	51109	2	0	10	0	706	3091.283582	46	9	4	20	108.5	4	0	72.19	2	0	0	2
A-9077b0	Company_41	HealthTech	US	25-08-2024	ads	Basic	2	FALSE	FALSE	7	509.2857143	6111.428571	3	0	7	3	493	3180.456522	31	5	3	40.33333333	136.3333333	4.333333333	0					
A-7f8241	Company_42	EdTech	US	14-03-2023	organic	Pro	34	FALSE	TRUE	15	2634.4	31612.8	2	0	10	1	734	2950.467532	38	5	1	36	135	3	0					
A-2bc93d	Company_43	HealthTech	US	14-03-2023	event	Basic	14	FALSE	FALSE	13	2491.846154	29902.15385	4	0	11	1	666	3219.925373	31	5	2	12	78	4.5	0	99.1	0	0	1	2
A-f3ff05	Company_44	FinTech	IN	06-07-2024	other	Enterprise	2	FALSE	FALSE	13	1497.307692	17967.69231	1	0	12	1	672	3186.772727	36	4	3	42.66666667	111.3333333	3.5	0	0	0	0	0	1
A-2d4502	Company_45	FinTech	IN	29-04-2024	event	Basic	7	FALSE	FALSE	10	2907.1	34885.2	2	0	7	1	465	2723.340426	19	7	3	26.33333333	82	5	0	0	1	0	0	1
A-6a4e2d	Company_46	EdTech	UK	07-04-2023	partner	Pro	9	FALSE	FALSE	11	944.9090909	11338.90909	2	1	9	1	597	2928.20339	31	3	2	18.5	141	4.5	1	0	0	0	0	1
A-eb7c38	Company_47	DevTools	AU	25-02-2024	organic	Enterprise	5	FALSE	FALSE	15	2547.333333	30568	3	1	10	4	693	2913.514286	27	6	5	22.4	67.4	4.333333333	0	6.26	0	1	0	1
A-c37601	Company_48	EdTech	US	31-10-2024	partner	Basic	6	TRUE	FALSE	12	1706.25	20475	0	0	10	3	489	2746.5625	21	3	4	42.25	83	3.666666667	0	0	0	0	0	1
A-3b5cd1	Company_49	FinTech	US	12-09-2023	event	Basic	13	TRUE	FALSE	13	1821.230769	21854.76923	2	1	9	2	523	3422.269231	24	5	5	27.4	46.6	4	0	113.17	1	0	0	3
A-b2225d	Company_50	FinTech	US	08-03-2024	ads	Basic	47	FALSE	TRUE	12	1590.666667	19088	1	1	9	5	696	3242.369863	60	5	2	42	38	3	0	0	1	0	1	3
A-94f8c9	Company_51	HealthTech	US	29-03-2024	other	Basic	13	FALSE	FALSE	16	1999.3125	23991.75	2	1	14	3	746	2650.961039	63	7	3	47.33333333	87.66666667	5	0	0	0	0	0	1
A-02fac6	Company_52	FinTech	US	06-04-2023	event	Pro	22	FALSE	FALSE	11	2400.909091	28810.90909	1	0	9	0	514	3204.792453	34	5	6	23.33333333	100.5	4	0	0	0	0	0	1
A-c1dfe1	Company_53	DevTools	DE	07-08-2023	ads	Pro	26	FALSE	FALSE	8	3223.75	38685	1	2	5	0	375	3274.025641	30	4	3	50.33333333	93.66666667	4	0	0	1	0	0	2
A-32728c	Company_54	DevTools	US	03-01-2023	event	Pro	20	FALSE	TRUE	8	562.25	6747	1	0	8	2	418	2812.804878	22	6	2	34.5	61.5	3.5	0	7.58	2	0	1	3
A-4c38bc	Company_55	HealthTech	UK	09-03-2024	event	Basic	36	FALSE	TRUE	16	3003.75	36045	2	0	14	1	818	3350.098765	27	10	3	48.33333333	43	3.5	0					
A-1b707d	Company_56	Cybersecurity	US	14-07-2023	organic	Enterprise	1	FALSE	FALSE	8	1166.5	13998	1	0	5	1	399	2906.736842	12	3	3	42.66666667	75.33333333		0	0	0	0	1	1
A-6f8ad2	Company_57	EdTech	IN	09-07-2024	organic	Basic	1	FALSE	FALSE	17	1525.176471	18302.11765	2	1	10	2	924	2971.465909	59	13	4	35.25	37.25	4.333333333	0					
A-4d1e75	Company_58	DevTools	US	21-08-2024	other	Basic	20	FALSE	FALSE	13	2414.615385	28975.38462	3	1	9	2	477	2904.039216	25	5	2	15	98.5	4	0	0	0	0	0	1
A-9ee962	Company_59	HealthTech	US	28-02-2023	ads	Basic	9	FALSE	TRUE	9	1046.666667	12560	3	1	7	2	439	3082.717949	17	3	3	37	69.66666667	4	0	0	0	1	0	1
A-378b99	Company_60	EdTech	UK	01-09-2024	ads	Pro	8	TRUE	FALSE	12	1009.666667	12116	1	1	12	2	565	3233.189655	38	5	6	28.5	78.83333333	4.5	0	0	0	0	0	1
A-94d3da	Company_61	HealthTech	US	03-05-2023	other	Basic	41	FALSE	FALSE	12	1889.416667	22673	1	0	8	5	464	3126.0625	25	5	6	26.83333333	80.5	3.5	0	0	0	0	0	1
A-e351e1	Company_62	EdTech	US	26-09-2024	other	Enterprise	33	FALSE	FALSE	5	699.6	8395.2	0	0	4	1	295	3532.827586	22	3	4	17	65.25	3.75	0	113.84	1	2	1	3
A-9badbd	Company_63	Cybersecurity	DE	19-06-2024	ads	Enterprise	5	TRUE	FALSE	13	2498.230769	29978.76923	0	0	10	2	729	3148.314286	45	8	5	30.2	102.6	5	0					
A-7e0a10	Company_64	FinTech	US	18-11-2023	ads	Enterprise	46	FALSE	FALSE	10	4111.6	49339.2	1	0	7	0	511	3463.24	35	5	5	39.4	62.6	4	0	0	0	0	0	1
A-118d55	Company_65	Cybersecurity	US	22-10-2024	organic	Basic	8	FALSE	FALSE	12	1993.25	23919	3	4	9	0	599	2802.383333	33	5	5	24.2	56.8	4.333333333	0	0	1	1	0	2
A-526d93	Company_66	HealthTech	FR	14-04-2024	organic	Basic	43	FALSE	FALSE	9	4355.666667	52268	2	0	5	2	565	2843.089286	45	5	5	51.4	134.6	3.5	1	41.17	2	0	0	3
A-f92792	Company_67	FinTech	US	04-07-2024	ads	Pro	1	FALSE	FALSE	14	1343.357143	16120.28571	1	1	8	3	528	2813.660377	31	6	2	45	82	4	0	0	0	0	1	1
A-84ebe4	Company_68	FinTech	US	12-03-2023	ads	Pro	18	TRUE	TRUE	11	2544.909091	30538.90909	0	0	10	2	396	2944.166667	26	7	4	29.5	135.5	4	0	0	0	0	0	2
A-5b4ebb	Company_69	Cybersecurity	UK	10-07-2024	other	Basic	21	TRUE	TRUE	13	2138.692308	25664.30769	1	0	11	1	692	2804.285714	25	6	5	35.4	63	4.75	0					
A-2922b6	Company_70	HealthTech	US	14-11-2024	organic	Basic	15	FALSE	FALSE	6	1778.166667	21338	1	0	5	0	393	3168.567568	13	2	2	15.5	103	4	0	0	0	0	0	1
A-9b9fe9	Company_71	EdTech	AU	28-09-2023	other	Basic	5	FALSE	FALSE	12	1643.75	19725	0	1	10	2	597	3391.396552	22	3	4	33.5	156.5	4	0	27.92	0	0	0	2
A-a8b49c	Company_72	Cybersecurity	UK	06-10-2023	partner	Basic	7	FALSE	FALSE	12	963.9166667	11567	1	0	11	2	545	3396.277778	43	1	1	72	105	4	0	0	0	0	0	1
A-9174e0	Company_73	Cybersecurity	US	04-12-2024	partner	Basic	37	FALSE	FALSE	15	3598.4	43180.8	2	0	12	2	689	2987.507246	61	6	2	39	167	5	0					
A-a1bbb6	Company_74	DevTools	CA	05-04-2023	organic	Basic	1	FALSE	FALSE	8	1800.25	21603	0	0	5	1	366	3201.756757	20	7	3	17.66666667	120.6666667	4	0					
A-c45b23	Company_75	FinTech	UK	08-12-2023	partner	Basic	5	FALSE	FALSE	12	708.6666667	8504	0	0	9	3	581	3068.745763	30	10	3	36.66666667	51.66666667	3	0	0	0	0	1	1
A-02cd81	Company_76	HealthTech	IN	28-03-2024	other	Basic	44	FALSE	FALSE	14	2354	28248	0	0	11	3	684	3045.888889	28	5	3	17.33333333	84.66666667	4.5	1	0	0	0	0	1
A-ee42db	Company_77	EdTech	DE	25-04-2023	ads	Enterprise	13	FALSE	FALSE	12	963.9166667	11567	1	1	11	4	511	2794	33	6	4	33.75	98.25	3	0	23.52	1	1	0	4
A-432483	Company_78	Cybersecurity	US	06-02-2023	ads	Pro	4	FALSE	FALSE	9	2868.111111	34417.33333	1	0	7	1	451	3365.777778	28	4	1	51	128		0					
A-9208f0	Company_79	EdTech	US	11-05-2023	organic	Pro	1	FALSE	TRUE	8	438.875	5266.5	1	0	7	3	538	2994.358491	31	6	8	41.25	59.75	3.333333333	1	66.37	1	0	2	4
A-98a59a	Company_80	FinTech	UK	04-08-2023	partner	Enterprise	56	FALSE	FALSE	10	3645.6	43747.2	2	1	6	1	455	2827.931818	21	8	3	37.33333333	74	4.5	0	0	1	0	0	1
A-fe79a5	Company_81	HealthTech	IN	21-02-2024	ads	Basic	9	TRUE	FALSE	10	1353.2	16238.4	2	0	9	4	335	2929.454545	17	2	4	28.5	61	5	0					
A-726cfa	Company_82	DevTools	US	01-07-2023	partner	Pro	11	FALSE	FALSE	19	1830.631579	21967.57895	2	0	16	2	993	2877.408163	45	15	3	35.66666667	128.3333333	4	0	122.11	0	0	0	1
A-c43359	Company_83	FinTech	US	16-11-2024	organic	Pro	38	FALSE	FALSE	8	1539	18468	2	1	8	2	461	3128.744681	32	5	3	26.66666667	107.3333333	4	0	8.92	1	0	0	2
A-271f46	Company_84	DevTools	US	09-02-2023	event	Pro	38	FALSE	TRUE	8	2450.5	29406	0	0	8	2	373	3014.815789	16	1	1	36	79		0	0	0	0	1	2
A-157070	Company_85	FinTech	US	09-11-2023	ads	Pro	16	FALSE	FALSE	16	1719.125	20629.5	2	1	14	2	696	2632.788732	26	7	3	42.33333333	118	3	1	0	0	0	0	2
A-40a557	Company_86	Cybersecurity	AU	03-12-2023	partner	Pro	16	TRUE	FALSE	9	2591.555556	31098.66667	1	0	9	1	402	2928.641026	17	3	7	30.57142857	94.71428571	3.666666667	0	0	0	0	0	1
A-66224b	Company_87	HealthTech	US	18-10-2024	other	Pro	92	TRUE	FALSE	12	5765.333333	69184	0	0	9	4	626	3036.540984	29	10	6	39.83333333	82.5	3.5	0					
A-91e948	Company_88	EdTech	AU	29-01-2023	partner	Basic	41	FALSE	FALSE	7	3127.714286	37532.57143	2	0	7	1	404	2881.5	16	0										
A-104f1a	Company_89	Cybersecurity	US	17-08-2024	other	Pro	24	FALSE	FALSE	8	1577.125	18925.5	0	0	7	1	438	3567.022727	22	2	5	33.2	50.4	3.75	1	0	0	0	0	3
A-7988d1	Company_90	Cybersecurity	US	20-12-2023	other	Basic	33	FALSE	FALSE	9	1188	14256	0	0	7	3	449	3005.76087	28	7	3	35.33333333	65.33333333	4.333333333	0	16.89	0	0	0	3
A-faa28c	Company_91	HealthTech	US	30-01-2024	organic	Enterprise	48	FALSE	FALSE	14	4171.714286	50060.57143	3	0	11	3	585	2745.881356	24	5	4	52.25	115.5	4.666666667	1	0	0	0	0	2
A-f25509	Company_92	EdTech	US	22-03-2024	other	Enterprise	32	FALSE	FALSE	5	3224.4	38692.8	0	1	4	1	229	3200.130435	15	3	6	42.66666667	116	4.666666667	0	0	0	0	1	3
A-3a7284	Company_93	FinTech	US	17-11-2024	organic	Enterprise	31	FALSE	FALSE	12	2959.916667	35519	1	2	11	1	609	3192.7	30	9	3	56.33333333	104.3333333	3.5	0	0	0	0	0	1
A-3a5ad8	Company_94	HealthTech	US	05-12-2023	organic	Enterprise	9	TRUE	FALSE	13	2207.769231	26493.23077	1	1	11	4	506	2459.192308	23	7	4	44.75	53.5	4.5	0					
A-65a46c	Company_95	HealthTech	US	04-11-2023	event	Pro	1	FALSE	FALSE	8	2834.375	34012.5	2	0	7	1	370	3032.078947	21	7	8	45.125	91.125	4	0					
A-8b25f2	Company_96	Cybersecurity	US	17-02-2024	ads	Pro	6	FALSE	TRUE	13	1080.615385	12967.38462	1	2	13	2	565	2951.740741	20	6	2	35.5	50.5	4	0					
A-fabe19	Company_97	DevTools	UK	11-11-2024	ads	Enterprise	1	FALSE	FALSE	7	2928.142857	35137.71429	2	0	3	2	337	3423.212121	16	1	3	40.66666667	38.33333333	4	0					
A-adc1f3	Company_98	Cybersecurity	US	05-08-2024	organic	Pro	2	FALSE	FALSE	9	2956.444444	35477.33333	0	0	7	1	334	3337.027778	26	5	3	47.33333333	65	3.5	0					
A-503d5a	Company_99	FinTech	US	21-10-2023	other	Enterprise	4	FALSE	TRUE	12	1490.333333	17884	0	1	10	3	605	3585.847458	32	6	9	36.55555556	81.77777778	4	0					
A-fd7ad3	Company_100	Cybersecurity	US	01-11-2024	event	Enterprise	1	FALSE	FALSE	10	383.1	4597.2	2	0	9	3	567	3070.660714	42	9	8	48.75	98.125	4.166666667	1	70.03	2	0	1	4
A-186a44	Company_101	HealthTech	US	07-08-2023	ads	Enterprise	20	FALSE	FALSE	14	1499.214286	17990.57143	1	1	10	5	614	3369.491803	25	7	7	38.28571429	110.4285714	3.5	0					
A-e888d1	Company_102	Cybersecurity	US	28-03-2023	other	Pro	14	FALSE	FALSE	11	1240.545455	14886.54545	1	0	8	3	552	3040.134615	36	5	5	43	104	4	1	6.38	0	0	0	3
A-69fad4	Company_103	FinTech	UK	06-04-2023	ads	Basic	6	FALSE	TRUE	7	1245.857143	14950.28571	0	0	6	1	412	3196.051282	24	4	4	43	116.75	3.666666667	0	0	0	0	0	1
A-9289f6	Company_104	EdTech	US	31-05-2023	event	Enterprise	1	FALSE	FALSE	12	1091.333333	13096	2	0	10	2	642	2946.691176	38	7	6	37.5	70	4.333333333	0	17.93	0	0	0	1
A-f19409	Company_105	DevTools	US	16-03-2023	other	Basic	23	FALSE	TRUE	12	2844.666667	34136	2	0	10	1	659	3384.064516	31	12	3	6.333333333	103.3333333	4	0	0	0	2	0	2
A-22f2df	Company_106	DevTools	US	14-12-2024	ads	Basic	3	FALSE	FALSE	9	827.8888889	9934.666667	1	1	7	1	429	2836.357143	17	5	5	44.8	71.6	5	0					
A-039727	Company_107	EdTech	AU	02-11-2024	organic	Pro	25	FALSE	FALSE	15	2428	29136	3	2	12	2	768	3372.22973	32	3						46.49	0	0	0	1
A-2e3bad	Company_108	FinTech	CA	13-08-2023	other	Pro	61	FALSE	FALSE	10	4587.2	55046.4	0	0	8	2	435	2749.733333	26	6	5	31.4	107	3.5	0	0	0	0	0	1
A-484819	Company_109	HealthTech	US	21-02-2023	organic	Pro	18	FALSE	FALSE	8	2575.5	30906	3	0	7	0	336	3517.454545	20	3	5	33.2	139.6	4.5	0	0	1	0	0	2
A-425e76	Company_110	DevTools	UK	17-05-2023	other	Enterprise	8	FALSE	TRUE	11	1555.545455	18666.54545	1	0	10	0	438	2842.0625	24	5	5	48.2	119.2	3.333333333	1	0	0	0	1	4
A-e83938	Company_111	DevTools	UK	21-11-2023	other	Pro	2	TRUE	TRUE	8	937.875	11254.5	2	0	6	1	266	2814.483871	18	2	4	31	72.5	3	0	13.5	0	0	0	3
A-ad296b	Company_112	DevTools	AU	15-07-2024	event	Pro	38	FALSE	FALSE	6	3071.666667	36860	0	0	6	1	294	3348.548387	12	2	3	28.33333333	83.33333333	3.666666667	1					
A-e51ec7	Company_113	FinTech	CA	23-09-2023	partner	Enterprise	2	FALSE	FALSE	8	3009.5	36114	2	1	6	3	417	3168.625	18	4	3	37	93.33333333	5	0	0	0	0	0	3
A-0aaf6e	Company_114	FinTech	US	11-05-2024	organic	Enterprise	3	FALSE	FALSE	9	2676	32112	0	0	6	2	599	3025.298246	39	6	5	45	75.4	4	0					
A-e61e98	Company_115	FinTech	US	20-10-2023	partner	Enterprise	19	FALSE	TRUE	9	1498.222222	17978.66667	2	0	7	1	527	2357.035714	25	7	6	30.33333333	88.5	4.6	1	0	0	1	0	1
A-92a333	Company_116	FinTech	US	24-03-2023	event	Enterprise	9	FALSE	FALSE	6	1776.5	21318	0	1	6	0	364	2879.027778	30	2	4	23.25	58.25		1					
A-95b24a	Company_117	FinTech	US	06-06-2023	event	Pro	38	FALSE	TRUE	11	2275.818182	27309.81818	4	1	7	2	611	3046.064516	34	8	5	21.2	90.4	4.25	0					
A-42e5e1	Company_118	DevTools	US	09-07-2024	ads	Pro	1	FALSE	TRUE	7	1273.714286	15284.57143	1	1	6	2	411	2846.439024	41	2	3	29	81.33333333	4	0	0	0	0	1	1
A-7d514c	Company_119	HealthTech	DE	03-02-2024	organic	Enterprise	17	FALSE	FALSE	9	2697.111111	32365.33333	2	0	8	2	502	3056.395833	30	7	3	33.33333333	49.66666667	5	0					
A-65aeb5	Company_120	DevTools	US	25-01-2024	partner	Pro	9	FALSE	FALSE	12	2866	34392	0	1	9	1	533	2691.527273	40	3	2	42.5	159.5	5	0	0	1	0	1	2
A-e2cd1b	Company_121	DevTools	US	04-02-2024	other	Enterprise	15	FALSE	FALSE	9	1394.222222	16730.66667	1	0	9	2	465	2817.204082	18	7	5	37.8	76	4	0					
A-180abf	Company_122	DevTools	US	14-08-2023	event	Pro	64	FALSE	TRUE	9	4145.777778	49749.33333	2	0	7	2	499	2838.541667	28	5	3	36.33333333	62.33333333	3	0	0	0	1	0	5
A-f17767	Company_123	DevTools	US	30-01-2023	event	Enterprise	1	TRUE	TRUE	14	1152.785714	13833.42857	3	1	13	0	713	3028.652174	38	4	3	36.33333333	115	4	1	0	1	0	0	1
A-5a184f	Company_124	DevTools	DE	19-06-2023	other	Enterprise	1	FALSE	TRUE	10	2068.3	24819.6	0	1	10	1	587	3081.210526	29	2	3	15.33333333	42.33333333	4.333333333	0	0	0	1	0	3
A-7df7a7	Company_125	DevTools	US	28-01-2023	organic	Basic	7	FALSE	TRUE	15	1943.666667	23324	0	2	12	2	922	2822.098901	47	10	3	28	93	4	1	0	0	0	0	1
A-1ac5e0	Company_126	DevTools	US	20-10-2024	event	Basic	33	FALSE	TRUE	10	1824.9	21898.8	0	0	5	3	558	2998.285714	31	7	7	40.42857143	76	3.8	0					
A-52dd88	Company_127	Cybersecurity	US	21-02-2023	ads	Pro	23	FALSE	FALSE	11	1508.363636	18100.36364	1	0	7	1	516	3616.46	33	4	1	72	111		0					
A-bece89	Company_128	Cybersecurity	IN	01-12-2023	event	Pro	26	FALSE	FALSE	6	3208.333333	38500	1	0	4	0	176	2532.210526	13	2	4	32.5	103.75	4	1	109.76	0	0	0	2
A-029f69	Company_129	Cybersecurity	CA	07-03-2024	event	Basic	3	FALSE	FALSE	16	914.875	10978.5	2	0	10	2	789	2872.321429	42	9	2	42	108	3	0	32.73	0	0	0	3
A-5c046d	Company_130	EdTech	FR	06-07-2024	partner	Basic	93	FALSE	FALSE	8	10485.75	125829	0	0	6	0	475	2781	23	5	1	13	128	3	0					
A-fb186e	Company_131	EdTech	IN	27-10-2024	organic	Basic	29	FALSE	FALSE	3	1923.666667	23084	0	0	2	2	207	3608.5	7	3	6	26.16666667	81	3.666666667	0					
A-ae052e	Company_132	FinTech	CA	11-09-2023	other	Basic	39	FALSE	FALSE	6	1282.166667	15386	1	1	6	2	300	3047.689655	12	6	4	31.25	60.5	4	0	0	0	0	0	4
A-9f9299	Company_133	FinTech	US	02-09-2023	organic	Enterprise	28	TRUE	FALSE	15	2826.866667	33922.4	0	0	9	0	830	3040.764706	54	10	5	36.2	116.2	5	0	0	0	0	0	2
A-96e141	Company_134	DevTools	UK	12-08-2023	partner	Basic	14	FALSE	FALSE	7	2209.714286	26516.57143	0	0	7	1	346	2266.305556	19	2	5	32.8	68.4	4.333333333	0	43.53	0	0	0	2
A-117171	Company_135	HealthTech	FR	12-09-2024	organic	Basic	45	FALSE	TRUE	5	2403	28836	0	1	5	2	208	2850.666667	11	1	6	32.5	68.33333333	3.666666667	1	102.86	0	0	0	3
A-313be3	Company_136	EdTech	US	15-11-2023	partner	Enterprise	47	TRUE	FALSE	11	1727.818182	20733.81818	1	0	8	6	560	2886.754386	40	3	4	22.5	80.25	5	1	43.03	1	0	0	2
A-671f31	Company_137	DevTools	US	24-11-2024	ads	Basic	59	FALSE	FALSE	6	5064.166667	60770	0	1	5	1	167	2555.823529	16	0	7	33	78	4.2	0					
A-bbc346	Company_138	FinTech	US	29-08-2024	partner	Enterprise	19	FALSE	FALSE	13	2547.846154	30574.15385	3	2	11	3	650	2893.16129	37	6	3	45.33333333	102.6666667	4.5	0	15.46	1	0	0	2
A-c16101	Company_139	EdTech	IN	06-09-2024	other	Basic	7	FALSE	FALSE	10	1242.2	14906.4	1	1	9	0	561	3381.527273	29	9	4	28	82	5	1	0	0	1	1	2
A-50f3f7	Company_140	HealthTech	US	22-12-2023	partner	Basic	31	FALSE	TRUE	15	2938.466667	35261.6	0	2	13	2	685	2873.513889	45	7	6	37.83333333	67.83333333	5	1					
A-7da956	Company_141	Cybersecurity	US	02-06-2024	event	Pro	13	TRUE	FALSE	12	913.5833333	10963	1	2	11	3	543	2949.627451	35	4	3	32.66666667	88	5	0					
A-019782	Company_142	DevTools	FR	19-04-2023	event	Enterprise	11	FALSE	FALSE	9	928.1111111	11137.33333	1	0	6	2	562	2924.509091	30	3	2	10	107	3	0					
A-df10db	Company_143	DevTools	US	06-06-2023	other	Enterprise	2	TRUE	FALSE	11	1066.363636	12796.36364	2	0	9	1	697	3359	40	2	2	68.5	86.5	3	1	0	0	0	0	2
A-3932db	Company_144	HealthTech	CA	04-10-2023	other	Pro	19	TRUE	TRUE	9	1565.222222	18782.66667	2	1	9	3	434	2933.978261	28	4	6	41	86.5	4.333333333	0					
A-4f18f0	Company_145	DevTools	CA	21-04-2024	other	Pro	24	TRUE	FALSE	12	2522	30264	0	1	9	2	544	2948.263158	25	6	5	39.2	61.4	4	0	0	1	0	0	2
A-4c6f11	Company_146	FinTech	CA	27-11-2023	organic	Pro	24	TRUE	TRUE	5	1517.2	18206.4	0	1	3	0	268	3535.625	4	1	3	44.66666667	63	4.333333333	0	0	0	0	0	2
A-8ae05d	Company_147	FinTech	IN	06-04-2024	other	Enterprise	86	FALSE	FALSE	7	3747.142857	44965.71429	0	0	5	2	203	3872.3	10	1	1	47	48	4	0	0	0	0	0	1
A-b78bf8	Company_148	DevTools	US	15-11-2024	event	Pro	33	FALSE	FALSE	8	2802.875	33634.5	1	1	8	1	421	2947.666667	11	7	5	24.2	88.8	4.2	0	0	0	0	0	1
A-eafc6e	Company_149	DevTools	US	06-07-2023	partner	Pro	27	FALSE	TRUE	7	2318.428571	27821.14286	0	0	6	2	300	2819.3125	15	3	1	64	136		0	0	0	0	0	2
A-37f969	Company_150	HealthTech	IN	14-10-2023	partner	Enterprise	30	FALSE	FALSE	8	2869.875	34438.5	2	0	6	0	312	3370.375	14	5	5	22.2	94	3.666666667	1	146.86	1	0	0	4
A-10b8f2	Company_151	HealthTech	DE	11-01-2023	organic	Basic	47	TRUE	FALSE	12	2559.916667	30719	1	0	8	3	560	3092.553571	23	10	3	46.33333333	67	4.333333333	0	0	1	0	0	1
A-439b2f	Company_152	DevTools	US	21-02-2024	ads	Enterprise	1	FALSE	TRUE	6	299.3333333	3592	1	0	5	1	171	2713.55	5	2	3	18.33333333	85.33333333		0	17.06	0	0	1	2
A-544d0a	Company_153	DevTools	US	02-05-2024	organic	Basic	2	TRUE	FALSE	10	1849.2	22190.4	1	2	7	1	510	3251.617021	22	7	2	38.5	98	4	1					
A-ba6516	Company_154	FinTech	US	29-10-2023	ads	Pro	27	FALSE	FALSE	13	2183	26196	1	3	10	3	642	3559.233333	32	8	6	31.5	71	4	0	0	0	0	0	1
A-712426	Company_155	HealthTech	US	10-11-2024	other	Enterprise	9	FALSE	FALSE	15	746.4666667	8957.6	2	0	15	3	696	3066.871429	31	6	6	37.33333333	79.16666667	4.4	0	0	2	0	2	3
A-038089	Company_156	DevTools	FR	19-12-2023	other	Pro	5	FALSE	TRUE	3	701.3333333	8416	0	0	3	0	210	3183.65	15	1	6	30.16666667	86.16666667	3.666666667	0	19.34	0	0	0	2
A-afa505	Company_157	DevTools	US	27-12-2023	partner	Basic	70	TRUE	FALSE	9	7334.444444	88013.33333	2	1	5	2	507	3189.666667	28	8	4	37.25	88.25	3	1	0	1	0	0	1
A-d5a319	Company_158	FinTech	US	04-05-2023	other	Enterprise	15	FALSE	TRUE	12	3153.916667	37847	3	2	10	2	604	3604.322034	43	5	1	17	132	4	1					
A-f97b9a	Company_159	FinTech	US	09-07-2023	event	Pro	16	FALSE	FALSE	11	2166.636364	25999.63636	1	0	8	4	561	3093.589286	33	6	7	31.71428571	69.85714286	3.666666667	0					
A-2f6a32	Company_160	HealthTech	US	26-08-2024	organic	Basic	19	FALSE	FALSE	11	683	8196	1	0	11	2	654	3140.651515	46	6	2	41	72	3.5	0					
A-856b1e	Company_161	FinTech	US	31-10-2023	partner	Basic	19	FALSE	FALSE	6	1053.5	12642	1	0	5	1	230	2757.304348	24	4	5	36	79.4		1					
A-17939a	Company_162	HealthTech	US	26-12-2024	organic	Basic	1	FALSE	FALSE	11	879	10548	0	0	9	1	440	2589.893617	43	5	7	38	83.42857143	4.5	0					
A-d27f50	Company_163	Cybersecurity	UK	20-07-2024	ads	Enterprise	44	FALSE	FALSE	12	3734.583333	44815	1	0	9	2	481	3402.02	31	4	4	37.5	116.5	3.75	0					
A-e36807	Company_164	EdTech	AU	17-05-2024	other	Pro	6	FALSE	FALSE	10	1256.9	15082.8	0	0	8	2	446	2874.469388	27	4	2	41	152	4.5	0					
A-ff79f2	Company_165	DevTools	US	25-04-2024	ads	Basic	8	FALSE	TRUE	9	3097	37164	2	0	6	1	393	3264.585366	12	4	2	50	82.5		0					
A-5b1bcd	Company_166	DevTools	US	16-09-2023	organic	Pro	73	FALSE	FALSE	15	8886.533333	106638.4	3	0	13	1	869	2921.906977	54	6	4	43.25	92.5	4.5	0	4.45	0	0	0	1
A-71615e	Company_167	EdTech	US	18-05-2024	organic	Basic	15	FALSE	FALSE	13	3131.769231	37581.23077	3	0	10	2	620	3141.919355	41	4	1	49	77		0	0	1	0	0	1
A-794a0b	Company_168	HealthTech	DE	02-06-2023	organic	Basic	23	FALSE	FALSE	7	1510.714286	18128.57143	0	0	5	2	347	2478.947368	31	1						0	0	1	0	1
A-86902e	Company_169	HealthTech	IN	02-05-2023	other	Enterprise	34	FALSE	FALSE	10	3604.1	43249.2	2	0	9	2	628	3211.571429	36	6	9	40.88888889	71.44444444	3.5	0	0	0	0	0	1
A-0532a9	Company_170	FinTech	IN	25-09-2024	event	Pro	19	FALSE	FALSE	10	1516.1	18193.2	4	1	5	0	519	2922.074074	30	7	8	30.75	73.375	3	0	2.4	0	0	0	1
A-9779ad	Company_171	Cybersecurity	AU	29-03-2024	event	Pro	40	TRUE	TRUE	10	5168	62016	0	0	5	2	413	2536.72093	25	3	3	20.66666667	116.3333333	5	0	0	1	0	0	3
A-f45426	Company_172	HealthTech	US	05-08-2024	organic	Basic	9	FALSE	FALSE	11	1571.727273	18860.72727	0	3	8	3	624	3141.819672	49	5	3	17	69	4	0	47.17	0	0	0	2
A-c1e51e	Company_173	FinTech	US	02-10-2024	organic	Basic	3	FALSE	FALSE	10	2390.5	28686	1	1	10	0	518	3044.56	36	7	5	40	75.6	3.2	0	0	0	0	0	2
A-fa3095	Company_174	FinTech	US	03-09-2023	ads	Basic	70	FALSE	FALSE	12	5769.166667	69230	0	0	12	1	600	3425.423729	42	5	5	49.2	84	5	0	0	0	0	0	1
A-ad64c6	Company_175	DevTools	UK	23-02-2024	event	Pro	12	FALSE	FALSE	6	2451.333333	29416	0	0	4	1	215	3980.25	18	2	4	34	98.5	5	0	19.08	1	0	0	2
A-39b19f	Company_176	FinTech	US	03-02-2023	partner	Enterprise	1	FALSE	FALSE	11	1930.636364	23167.63636	1	1	8	2	530	2455.654545	37	5	6	47.83333333	87.5	4.25	1	0	0	0	0	1
A-56962b	Company_177	EdTech	UK	09-04-2024	partner	Enterprise	163	FALSE	FALSE	7	7800.714286	93608.57143	1	0	6	2	271	2825.655172	25	4	4	37.5	105.5	3	0	45.83	1	0	0	2
A-e60f9d	Company_178	FinTech	US	26-08-2024	other	Basic	29	FALSE	FALSE	15	3387.8	40653.6	0	2	14	3	629	2557.854839	24	5	2	70.5	106.5		0					
A-88c6ca	Company_179	FinTech	DE	25-10-2024	ads	Basic	5	FALSE	TRUE	7	921.2857143	11055.42857	0	0	7	1	446	3027.790698	19	8	1	56	12		0					
A-158f4e	Company_180	FinTech	IN	03-03-2023	other	Enterprise	61	FALSE	FALSE	12	3654.916667	43859	0	0	10	1	453	2539.959184	29	3	5	27.6	126	4.333333333	0	0	0	0	0	2
A-5b051a	Company_181	Cybersecurity	US	05-08-2024	event	Enterprise	22	FALSE	FALSE	4	583	6996	0	0	4	0	171	2804	17	3	1	2	2	3	0					
A-296d7c	Company_182	DevTools	DE	08-11-2023	other	Enterprise	2	FALSE	FALSE	7	284.1428571	3409.714286	0	0	5	1	357	3780.393939	18	7	5	50.4	105.2	3.75	0	0	0	0	0	1
A-1619f8	Company_183	DevTools	US	20-05-2024	organic	Pro	29	FALSE	FALSE	7	2827.142857	33925.71429	1	0	5	1	432	3399.690476	26	2	3	42	81	5	0	0	1	0	0	3
A-a1b80b	Company_184	HealthTech	US	27-11-2023	organic	Basic	16	FALSE	FALSE	16	2161.8125	25941.75	3	1	12	2	749	3091.805556	48	5	4	41	72.5	4	0	12.99	0	0	1	1
A-139c3b	Company_185	HealthTech	US	21-11-2024	organic	Enterprise	10	TRUE	TRUE	8	1128.375	13540.5	1	0	6	1	478	3422.75	16	7	9	28.44444444	66.11111111	4.5	0					
A-702032	Company_186	HealthTech	US	03-10-2023	ads	Pro	28	FALSE	FALSE	6	1423.333333	17080	1	0	5	1	285	3529.846154	15	1	4	26	98.25	3	0	10.5	0	0	0	2
A-7a0d69	Company_187	DevTools	DE	15-06-2024	ads	Enterprise	4	TRUE	TRUE	11	942	11304	2	0	10	3	606	2937.163934	31	5	2	29	52.5	5	0	28.95	1	1	0	3
A-22d9d2	Company_188	DevTools	FR	22-03-2024	event	Pro	8	FALSE	FALSE	14	1339	16068	2	1	11	1	782	3195.72	43	6	6	16	88	4	1	0	0	0	0	1
A-b9eed8	Company_189	Cybersecurity	US	23-02-2024	organic	Basic	11	FALSE	FALSE	11	1507	18084	0	3	9	0	623	2761.868852	55	9	5	29.2	103.8	3.75	1	0	1	0	1	1
A-dfbd31	Company_190	DevTools	UK	04-12-2023	partner	Enterprise	14	FALSE	FALSE	14	1791.357143	21496.28571	1	1	11	3	599	3375.425926	19	7	6	29.66666667	129.8333333	4.25	0	0	1	0	0	2
A-8e47ca	Company_191	HealthTech	US	15-02-2024	organic	Pro	19	FALSE	FALSE	9	3124.444444	37493.33333	1	0	7	0	441	2902.108696	35	2	5	33.4	80.6	4	1	0	0	0	0	3
A-4437e4	Company_192	Cybersecurity	US	16-09-2023	event	Enterprise	3	FALSE	FALSE	16	1114.4375	13373.25	4	1	15	3	806	3135.795181	43	8	6	34.66666667	125.3333333	3	2	0	0	0	0	1
A-779e4e	Company_193	HealthTech	US	02-01-2023	organic	Basic	5	FALSE	FALSE	10	2808.1	33697.2	2	1	9	0	393	2523.590909	20	6	5	26.6	91.6	4	0					
A-53f4e3	Company_194	Cybersecurity	UK	14-06-2024	event	Enterprise	13	FALSE	FALSE	10	1507.2	18086.4	0	0	8	0	410	2898.386364	45	1	5	28.6	99	4	0	0	0	1	1	1
A-692f18	Company_195	EdTech	US	28-03-2024	other	Basic	5	TRUE	TRUE	17	1797.058824	21564.70588	2	1	12	3	871	3010.471264	55	9	2	37.5	120	5	0	0	1	0	0	1
A-13466a	Company_196	DevTools	AU	22-10-2023	event	Basic	2	FALSE	TRUE	6	2223.833333	26686	0	0	5	1	205	2615.409091	14	2	3	32.33333333	94.33333333	4.333333333	1	6.51	0	1	1	2
A-1986ca	Company_197	HealthTech	IN	30-01-2023	ads	Pro	20	FALSE	FALSE	7	3951.571429	47418.85714	1	0	4	1	362	2767.081081	23	5	7	36.57142857	106.5714286	3.4	0					
A-0cc442	Company_198	EdTech	US	18-07-2024	organic	Basic	45	FALSE	FALSE	13	4764.230769	57170.76923	3	1	9	2	765	2996.87013	41	7	3	37	47.33333333	3	0	59.52	2	0	2	4
A-c608c8	Company_199	DevTools	DE	27-04-2023	ads	Pro	3	FALSE	TRUE	8	1189.25	14271	1	1	6	0	445	3356.860465	27	5	2	59	66	3	0	0	0	0	0	1
A-3be56b	Company_200	HealthTech	IN	26-10-2023	event	Pro	3	FALSE	TRUE	12	1420	17040	1	1	9	3	528	3089.236364	33	8	4	40.25	74	3.5	0	0	1	0	0	2
A-354f12	Company_201	FinTech	US	28-04-2024	ads	Pro	1	TRUE	FALSE	4	2222.25	26667	0	1	4	0	158	3234	3	1	2	56.5	137.5		0	0	0	1	0	1
A-68f37c	Company_202	HealthTech	US	15-07-2023	ads	Basic	4	FALSE	FALSE	12	2689.166667	32270	3	0	11	2	624	3119.323077	40	6	5	20.2	119.8	4	0	0	1	0	2	4
A-aa9511	Company_203	DevTools	US	10-10-2023	other	Pro	23	TRUE	FALSE	15	4064.666667	48776	0	1	13	3	625	2915.784615	35	5	2	56.5	98.5	4	0	0	0	0	0	1
A-af0cd2	Company_204	Cybersecurity	IN	03-01-2023	other	Enterprise	19	TRUE	FALSE	11	587.2727273	7047.272727	1	0	9	2	687	3219.514286	33	8	3	54.33333333	149.3333333		0	0	0	1	0	1
A-bd4513	Company_205	DevTools	AU	06-11-2024	event	Enterprise	50	TRUE	FALSE	12	4350.333333	52204	2	0	10	0	507	3089.156863	34	4	3	42	58.66666667	4.666666667	0	35.14	0	1	0	2
A-c222ab	Company_206	Cybersecurity	US	10-05-2024	other	Pro	32	FALSE	TRUE	7	2665.142857	31981.71429	1	0	6	0	435	2965.355556	33	6	4	39	94.5	5	0	32.14	1	0	0	3
A-34d880	Company_207	Cybersecurity	AU	11-04-2024	ads	Enterprise	4	FALSE	FALSE	9	2329.333333	27952	0	0	6	2	474	3072.851064	40	3	5	52.2	90.8	3	0	10.4	0	0	0	1
A-508199	Company_208	FinTech	AU	28-01-2024	event	Basic	19	FALSE	FALSE	5	1687.2	20246.4	0	0	3	1	231	3349.541667	15	2	3	50.66666667	67.33333333	3	0					
A-f03140	Company_209	DevTools	IN	22-11-2023	event	Pro	27	TRUE	FALSE	10	2107.5	25290	1	1	8	1	595	3455.526316	22	4	7	36	113.1428571	3.666666667	0	0	0	0	0	1
A-410e86	Company_210	FinTech	US	10-11-2024	organic	Basic	24	FALSE	FALSE	7	2280	27360	0	0	3	2	292	3581.433333	21	3	5	42.6	110	3.5	0					
A-fa2041	Company_211	HealthTech	US	29-05-2024	organic	Pro	15	TRUE	FALSE	12	1742.916667	20915	0	0	11	3	552	2578.081967	34	6	1	16	99	3	0	0	0	0	0	1
A-de58ca	Company_212	HealthTech	DE	13-04-2023	organic	Enterprise	15	FALSE	FALSE	11	2173.181818	26078.18182	0	0	6	2	505	2896.77551	33	7	5	30.6	115	3.333333333	0					
A-05d3b3	Company_213	DevTools	AU	28-05-2023	ads	Basic	9	TRUE	FALSE	13	970	11640	0	0	10	3	642	3021.296875	22	4	6	31.5	48.33333333	4.333333333	0	0	0	0	0	2
A-249769	Company_214	Cybersecurity	US	25-04-2024	event	Enterprise	4	FALSE	TRUE	13	1209	14508	0	0	13	1	678	2849.661765	30	3	2	39.5	96.5	4	0	0	0	0	1	2
A-e43bf7	Company_215	Cybersecurity	AU	24-03-2023	other	Pro	44	FALSE	FALSE	7	6666.571429	79998.85714	3	0	6	0	371	2586.375	35	2	5	27.4	80	4	1	0	0	0	0	1
A-eb2fdc	Company_216	DevTools	AU	21-11-2023	organic	Enterprise	31	FALSE	TRUE	12	2664	31968	0	0	10	0	547	3234.5	17	3	5	33.6	37.6	4.5	0	0	0	0	0	1
A-e1462e	Company_217	FinTech	UK	12-03-2023	partner	Basic	15	FALSE	FALSE	7	1718.571429	20622.85714	1	1	5	2	347	2802.771429	22	4	2	39.5	118.5	3.5	0	0	0	0	1	2
A-cab532	Company_218	DevTools	FR	03-04-2023	organic	Pro	11	TRUE	FALSE	15	1339.2	16070.4	2	1	14	2	1005	2709.29703	47	7	1	32	175	4	0	0	1	0	0	1
A-9123ac	Company_219	Cybersecurity	DE	20-06-2023	organic	Pro	9	FALSE	FALSE	7	2107.285714	25287.42857	0	1	7	1	386	3243.621622	24	4	6	38.83333333	91.66666667	4.2	0	0	2	0	1	2
A-6e08f3	Company_220	Cybersecurity	US	27-02-2023	event	Basic	8	FALSE	FALSE	10	1819	21828	1	1	7	2	492	2981.56	21	7	2	36.5	137	3.5	0	0	0	0	1	1
A-d922bf	Company_221	HealthTech	US	08-09-2023	ads	Basic	5	TRUE	TRUE	7	2444.857143	29338.28571	0	0	7	3	419	3271.195122	19	3	7	39.14285714	101.1428571	3.333333333	1	11.13	0	1	0	1
A-8ed5dd	Company_222	EdTech	UK	29-06-2023	event	Enterprise	5	FALSE	TRUE	12	996.3333333	11956	3	1	11	0	545	3149.4	45	2	6	29	96.83333333	3.75	0	0	1	1	0	2
A-7c6b6b	Company_223	FinTech	US	30-11-2024	other	Basic	6	FALSE	FALSE	7	688.2857143	8259.428571	0	0	6	0	311	2356.314286	24	5	5	52.2	82.4	4.333333333	0	0	0	0	0	1
A-3c1a3f	Company_224	DevTools	UK	26-08-2023	event	Pro	1	FALSE	FALSE	12	1242.416667	14909	0	1	10	3	497	3379.235294	22	5	4	33.25	56.5	3.5	0					
A-b48f73	Company_225	EdTech	AU	13-11-2024	event	Pro	80	TRUE	FALSE	7	4045.714286	48548.57143	0	0	4	1	412	2691.272727	23	3	3	28.66666667	35.33333333	4	0					
A-76fa4d	Company_226	HealthTech	US	24-11-2024	event	Pro	69	FALSE	FALSE	7	8812.285714	105747.4286	0	0	6	1	357	3506.972222	21	4	5	33.4	111.8	4.5	0	33.04	0	0	0	2
A-b2af2e	Company_227	Cybersecurity	UK	24-08-2024	event	Enterprise	5	FALSE	FALSE	4	778	9336	0	1	1	0	174	3345.222222	11	4	2	39.5	95	4	0	0	0	0	0	1
A-9bfc9f	Company_228	DevTools	CA	14-09-2023	ads	Pro	53	FALSE	FALSE	9	1704.666667	20456	3	2	8	2	376	2969.243243	18	4	6	35.33333333	84.33333333	3.333333333	1					
A-4ae22a	Company_229	EdTech	US	09-05-2024	other	Pro	6	FALSE	TRUE	7	1347.428571	16169.14286	0	0	6	0	369	4068.2	31	6	3	14.33333333	72.66666667	3	0	0	0	0	0	1
A-fda07f	Company_230	Cybersecurity	FR	11-08-2024	partner	Basic	7	FALSE	FALSE	12	2368.166667	28418	4	1	10	2	681	3559.630769	39	4	5	17.8	57	4	0	17.34	0	0	0	1
A-de24d5	Company_231	DevTools	US	05-11-2024	other	Enterprise	5	TRUE	FALSE	13	1640.538462	19686.46154	0	0	12	2	537	2646.528302	28	6	7	43.14285714	103.4285714	3	0					
A-977ca0	Company_232	HealthTech	IN	20-02-2023	partner	Basic	6	FALSE	TRUE	16	1878.4375	22541.25	1	0	13	4	893	2857.176471	46	13	3	64	123	4	0					
A-ab438f	Company_233	Cybersecurity	US	13-09-2024	ads	Enterprise	13	FALSE	TRUE	8	2044.75	24537	1	0	6	3	369	3095.888889	12	3	2	33.5	112.5	3.5	0	0	1	1	0	1
A-e89151	Company_234	FinTech	UK	14-09-2023	organic	Pro	8	TRUE	TRUE	9	2414.888889	28978.66667	3	0	7	0	601	3254.931034	29	13	2	41.5	48.5	5	0					
A-40906c	Company_235	EdTech	US	27-03-2024	ads	Basic	92	FALSE	FALSE	12	5366.666667	64400	0	0	10	2	685	3337.190476	32	7	5	29.2	95	3.75	0					
A-81edc3	Company_236	Cybersecurity	IN	30-10-2023	ads	Basic	5	FALSE	FALSE	12	1460.333333	17524	2	0	8	1	765	3311.891892	41	11	3	52.66666667	70	4	0	10.91	0	0	0	3
A-328bd0	Company_237	HealthTech	AU	16-05-2023	partner	Enterprise	18	FALSE	FALSE	13	1229.153846	14749.84615	1	1	10	1	568	2659.180328	49	5	5	46	68.2	3.666666667	0					
A-b3fe05	Company_238	Cybersecurity	CA	28-05-2024	partner	Pro	8	FALSE	FALSE	9	2721.555556	32658.66667	0	0	8	2	438	3301.44186	18	8	4	48.25	94.25	3	0					
A-09540c	Company_239	Cybersecurity	CA	30-10-2023	event	Basic	67	TRUE	FALSE	6	3953	47436	1	1	5	0	297	3382	16	3	2	28	89	4.5	0	71.44	0	0	0	1
A-e693b6	Company_240	FinTech	AU	25-05-2023	event	Enterprise	55	FALSE	TRUE	12	2846.25	34155	1	0	11	3	681	3379.786885	25	4	1	1	144	3	0	0	0	1	0	1
A-2446e3	Company_241	EdTech	IN	10-01-2024	organic	Pro	27	FALSE	FALSE	7	3448.285714	41379.42857	1	1	4	1	496	3146.604167	32	5	3	28.66666667	104.6666667	4	0	81.93	1	1	1	2
A-241e75	Company_242	EdTech	US	03-07-2024	partner	Enterprise	3	FALSE	FALSE	5	718.8	8625.6	0	1	4	0	266	3580.607143	20	2	4	31.5	101	4.5	0	0	1	0	0	2
A-922109	Company_243	Cybersecurity	US	26-01-2024	ads	Pro	3	FALSE	FALSE	13	1086	13032	0	0	10	3	819	3474.227848	34	4	3	25.33333333	127	3	0	0	1	1	0	2
A-ff3c73	Company_244	HealthTech	AU	26-01-2023	other	Pro	21	FALSE	FALSE	9	481.6666667	5780	1	0	7	3	408	3599.725	23	5	2	35.5	97.5	3.5	0	2.42	1	0	0	2
A-8b0451	Company_245	FinTech	UK	16-09-2024	event	Enterprise	41	FALSE	FALSE	10	3170.9	38050.8	0	0	8	1	606	2965.5	45	6	7	26.57142857	83.71428571	3.5	0	0	0	0	0	1
A-331424	Company_246	DevTools	US	06-11-2023	organic	Basic	11	FALSE	FALSE	6	1129.333333	13552	0	0	3	2	214	3808.5	9	3	2	24.5	98.5		0	0	0	0	0	1
A-51ec1b	Company_247	DevTools	US	08-11-2023	ads	Enterprise	7	FALSE	FALSE	6	1847.833333	22174	3	2	5	0	283	3970.071429	12	3	3	52.33333333	150	5	1	0	1	0	1	1
A-bcf664	Company_248	DevTools	US	19-05-2023	other	Pro	5	FALSE	FALSE	13	1056	12672	0	0	13	2	575	3248.571429	28	5	5	36	110.6	4	1	75.32	0	0	2	3
A-90a8c8	Company_249	FinTech	AU	24-08-2024	organic	Pro	15	FALSE	FALSE	7	3787.714286	45452.57143	2	0	5	1	404	3109.414634	20	4	4	45	29.5	3.25	0	0	0	0	0	1
A-86cdb4	Company_250	DevTools	DE	22-09-2024	partner	Basic	2	FALSE	FALSE	9	394.5555556	4734.666667	0	0	9	1	492	3412.77551	24	6	5	26.4	105.8	4.333333333	0					
A-4bfa33	Company_251	Cybersecurity	US	07-12-2024	event	Basic	8	TRUE	FALSE	7	800.8571429	9610.285714	0	0	6	1	329	2173.444444	17	6	4	16.5	84.75	3.666666667	0	99.76	1	0	0	3
A-dbc825	Company_252	EdTech	FR	07-01-2024	partner	Enterprise	19	FALSE	FALSE	16	2650.25	31803	2	0	14	1	730	2955.569444	58	8	6	49.5	108.1666667	4	1	0	0	0	0	2
A-c70870	Company_253	Cybersecurity	US	22-10-2024	partner	Basic	31	FALSE	FALSE	7	5659.142857	67909.71429	2	1	7	3	334	3127.588235	18	4	5	35.6	105.8	4	0	0	0	0	0	1
A-7c4956	Company_254	DevTools	US	06-05-2023	ads	Enterprise	5	FALSE	TRUE	8	426.125	5113.5	0	0	6	2	475	2882.377778	40	6	3	13.66666667	66.66666667	4	0					
A-0651a4	Company_255	HealthTech	FR	16-10-2024	organic	Pro	16	FALSE	FALSE	15	2970.933333	35651.2	0	0	13	3	705	2919.217391	37	8	4	29.25	48.5	4	0	0	0	1	0	2
A-3ce5b8	Company_256	FinTech	IN	07-09-2023	ads	Basic	8	FALSE	TRUE	9	1850	22200	0	0	9	2	509	2956.04	29	5	10	42.5	101.8	3.714285714	0	261.49	0	0	0	1
A-bd4708	Company_257	FinTech	US	21-07-2024	ads	Pro	37	TRUE	FALSE	13	2998.076923	35976.92308	1	0	9	4	653	3154.640625	30	7	4	24	90.75	3.5	0					
A-993085	Company_258	HealthTech	US	01-06-2023	ads	Basic	31	TRUE	FALSE	15	3230.4	38764.8	2	2	12	1	665	3085.928571	50	7	4	46.5	82	3.5	0	0	0	0	0	2
A-92a3af	Company_259	Cybersecurity	IN	07-07-2024	organic	Enterprise	25	FALSE	FALSE	11	3139.818182	37677.81818	0	2	7	0	714	3256.552239	55	8	4	57.5	39	4	1					
A-151c9a	Company_260	FinTech	US	27-01-2023	ads	Enterprise	23	FALSE	FALSE	5	2850	34200	0	1	4	0	366	3556.088235	14	1	2	31	156.5	3.5	0	35.6	0	0	0	1
A-474ad4	Company_261	EdTech	US	28-11-2023	organic	Basic	8	FALSE	FALSE	15	808.3333333	9700	1	1	10	4	605	2864.921875	45	6	3	33	50.66666667	5	1					
A-4ef964	Company_262	HealthTech	US	07-03-2024	organic	Pro	17	FALSE	FALSE	9	1586.555556	19038.66667	0	0	6	1	487	3074.755102	33	6	3	42.66666667	86.33333333	4	0	0	1	0	0	1
A-fd9422	Company_263	Cybersecurity	US	04-04-2024	organic	Pro	58	FALSE	FALSE	9	3125.555556	37506.66667	1	1	7	4	456	3257.113636	21	5	6	44.33333333	116.8333333	3.5	1					
A-0baac2	Company_264	FinTech	DE	30-05-2024	organic	Enterprise	14	FALSE	TRUE	6	3083.333333	37000	0	0	6	0	202	3483.857143	9	0	6	43.5	89	4.333333333	0	99.38	1	0	0	4
A-bb1486	Company_265	HealthTech	US	05-11-2024	organic	Basic	41	FALSE	FALSE	8	2038.375	24460.5	0	2	6	0	405	2832.02381	36	5	3	11	78	3	0	0	0	1	1	2
A-560d27	Company_266	DevTools	US	05-05-2024	organic	Pro	23	FALSE	FALSE	12	3470.083333	41641	1	0	7	3	587	3146.033898	38	6	4	30.75	59.75	3.666666667	0					
A-0b0d6d	Company_267	DevTools	US	30-12-2024	organic	Pro	3	FALSE	FALSE	13	2576.230769	30914.76923	1	0	13	0	582	2619.532258	48	9	5	31.4	90.4	4	1	0	0	0	0	1
A-2789e3	Company_268	FinTech	US	14-09-2024	partner	Enterprise	11	FALSE	FALSE	12	2040.75	24489	1	1	10	2	680	3167.338462	45	6	4	47.25	83.25	4	0					
A-b07346	Company_269	HealthTech	US	10-10-2024	partner	Pro	51	FALSE	TRUE	5	6283.2	75398.4	1	0	3	1	326	3240.69697	22	4	3	42.33333333	76.66666667	3.5	0	0	0	0	0	1
A-902ef7	Company_270	HealthTech	US	03-09-2024	other	Enterprise	83	FALSE	TRUE	8	5540.25	66483	2	0	8	2	414	3646.95	24	5	2	48.5	85	4	0	0	0	0	0	1
A-20736a	Company_271	EdTech	IN	16-03-2024	organic	Enterprise	50	FALSE	FALSE	7	5789.285714	69471.42857	1	1	7	1	430	2581.142857	22	5	4	42.25	78.25	3.75	0	64.98	0	0	0	1
A-e4bf56	Company_272	HealthTech	IN	28-10-2024	ads	Pro	17	FALSE	TRUE	7	2703.714286	32444.57143	0	1	4	0	339	3499.636364	10	1	8	29.125	111.5	3.666666667	0					
A-cea1f0	Company_273	FinTech	US	07-04-2024	event	Pro	8	FALSE	TRUE	10	1224.4	14692.8	1	1	4	2	586	2878.357143	28	9	5	42.2	107.4	4.333333333	0					
A-ef84cf	Company_274	EdTech	US	01-03-2024	partner	Enterprise	8	FALSE	FALSE	5	1501.4	18016.8	0	1	3	1	309	3586.428571	11	3	5	34.8	79.4	4.333333333	1	18.81	1	0	2	3
A-d49cc5	Company_275	Cybersecurity	FR	19-09-2023	event	Basic	50	FALSE	FALSE	8	1665.625	19987.5	0	0	7	0	436	3486.170732	34	5	4	32	55.25	4.5	0	0	0	0	0	1
A-67be94	Company_276	EdTech	US	04-04-2023	organic	Enterprise	26	FALSE	FALSE	7	3132.857143	37594.28571	1	0	6	0	416	3028.5	17	3	5	38.6	51	4	0	88.27	0	0	0	2
A-4e960a	Company_277	FinTech	US	17-01-2024	other	Enterprise	12	TRUE	TRUE	12	1995.166667	23942	0	1	11	2	512	3141.693878	21	5	6	29.16666667	83.16666667	4	0					
A-c37cab	Company_278	Cybersecurity	UK	29-07-2024	event	Pro	13	FALSE	FALSE	12	2452.75	29433	1	1	11	3	708	2904.414286	40	14	4	33	101.25	3.75	1	4.03	0	0	0	2
A-533452	Company_279	DevTools	AU	12-11-2024	organic	Pro	9	FALSE	FALSE	11	1878.545455	22542.54545	1	2	10	1	595	2741.68254	44	10	4	32.75	35.5	4	0	147.55	0	1	1	4
A-443b7c	Company_280	Cybersecurity	US	06-09-2024	other	Enterprise	1	FALSE	TRUE	16	1503.875	18046.5	4	0	13	3	618	3095.857143	29	8	8	29.25	49	4.4	0					
A-1f7acb	Company_281	FinTech	UK	06-08-2023	ads	Basic	64	TRUE	FALSE	8	5864	70368	1	3	6	1	510	3095.622642	47	7	7	41.71428571	129.5714286	4.4	0					
A-f51f16	Company_282	HealthTech	US	25-12-2023	partner	Enterprise	1	FALSE	FALSE	8	1663.75	19965	2	0	7	1	384	3948.459459	28	3	4	29.25	91	3	0	0	1	1	0	2
A-5a3eb9	Company_283	DevTools	CA	20-08-2023	other	Enterprise	18	TRUE	FALSE	13	1561	18732	0	2	11	0	722	3143.188406	34	7	3	24	83		0	58.37	1	0	0	3
A-5f2961	Company_284	HealthTech	US	22-11-2024	partner	Basic	4	FALSE	FALSE	7	1471.285714	17655.42857	0	0	6	0	348	2861.75	19	2	1	53	19		0	6.6	0	0	0	1
A-417d2f	Company_285	Cybersecurity	IN	04-07-2023	partner	Pro	4	TRUE	FALSE	16	1433.3125	17199.75	1	0	13	2	722	2907.056338	31	8	6	43.5	80.5	4.333333333	0	0	0	0	0	1
A-e98302	Company_286	EdTech	US	26-12-2023	ads	Enterprise	16	TRUE	FALSE	6	2094.5	25134	0	0	5	0	273	2958.366667	18	3	9	44.44444444	99.44444444	4.142857143	0					
A-8bde0c	Company_287	DevTools	US	04-11-2024	organic	Basic	12	FALSE	FALSE	18	1899.888889	22798.66667	2	0	15	1	773	3011.35	43	6	3	25.66666667	86.33333333	4	0	0	0	0	0	2
A-bcf87c	Company_288	FinTech	US	27-06-2024	event	Pro	10	FALSE	TRUE	11	1979.090909	23749.09091	0	1	8	1	503	2733.148148	19	7	2	63	49.5	4	0					
A-54ecc2	Company_289	Cybersecurity	US	11-06-2023	partner	Enterprise	4	FALSE	FALSE	11	1469.818182	17637.81818	0	1	10	1	607	3276.75	39	6	5	37.4	72	5	0	0	2	0	0	3
A-625d0b	Company_290	EdTech	AU	02-09-2024	ads	Basic	9	FALSE	FALSE	11	1081.181818	12974.18182	0	0	10	2	529	2620.166667	38	6	5	48.4	72.4	3	0					
A-fce879	Company_291	EdTech	UK	24-09-2024	partner	Pro	10	TRUE	TRUE	5	1359.4	16312.8	0	1	5	1	299	3657.037037	14	1	2	28	61.5	4	0	0	1	0	0	2
A-b07b56	Company_292	DevTools	US	08-11-2024	event	Pro	25	FALSE	TRUE	15	1132.266667	13587.2	0	0	12	3	633	2897.84375	39	9	4	31.25	93.75	3	0	0	0	0	0	1
A-6da850	Company_293	FinTech	IN	07-10-2023	organic	Pro	5	FALSE	FALSE	16	1159.9375	13919.25	3	1	12	4	714	2662.428571	54	8	5	49	76.4	4	0	0	0	0	0	3
A-342303	Company_294	EdTech	US	16-03-2024	other	Pro	1	TRUE	FALSE	3	565	6780	0	0	3	1	141	1543.266667	5	1	3	29.33333333	71.33333333	4.5	0	0	0	0	0	1
A-e7a1e2	Company_295	Cybersecurity	US	23-06-2024	event	Enterprise	3	FALSE	FALSE	12	1670.166667	20042	0	0	10	2	703	3248.941176	36	3	1	45	37	4	0	6.2	1	0	1	3
A-f1f639	Company_296	EdTech	US	26-02-2023	ads	Basic	2	FALSE	FALSE	4	729.75	8757	1	0	4	0	139	3078.357143	10	4	7	20	67.57142857	4.8	0	0	0	0	1	2
A-a865bd	Company_297	Cybersecurity	US	19-09-2023	organic	Pro	38	FALSE	FALSE	5	4204.4	50452.8	0	0	3	0	230	2505	13	3	2	31.5	21.5	3	0	0	0	0	0	2
A-4e631b	Company_298	FinTech	US	16-03-2024	other	Enterprise	22	FALSE	FALSE	11	2218	26616	1	1	8	1	502	3156.489796	29	4	2	24.5	52	4	0					
A-7f6b86	Company_299	HealthTech	US	24-08-2023	partner	Basic	45	TRUE	TRUE	9	2155.777778	25869.33333	3	0	7	3	420	3518.268293	14	3	7	40.42857143	96.57142857	3.666666667	0	5.27	0	0	0	1
A-8adedc	Company_300	EdTech	US	11-02-2024	event	Basic	4	TRUE	TRUE	14	2023.428571	24281.14286	0	0	13	3	583	2721.262295	33	5	4	49.25	56.75	4	0					
A-2edab2	Company_301	HealthTech	US	17-11-2023	event	Enterprise	17	FALSE	FALSE	10	1139	13668	1	0	9	0	487	3421.361702	26	5	4	30	102.25	3	0	168.73	0	0	0	2
A-149a69	Company_302	DevTools	US	17-10-2024	event	Basic	34	FALSE	FALSE	3	2686	32232	0	0	1	0	208	3327.444444	9	1	8	33.875	120.875	4.2	0	0	1	0	0	1
A-a6d261	Company_303	FinTech	CA	29-11-2023	other	Pro	9	FALSE	FALSE	14	2727.928571	32735.14286	3	0	13	1	627	3003.730159	29	6	4	40	63.25	4.666666667	1	99.94	1	0	0	1
A-443f6f	Company_304	Cybersecurity	US	07-12-2024	organic	Basic	19	FALSE	FALSE	9	1510.444444	18125.33333	1	0	7	0	527	2824.089286	28	4	4	28	122.25	4.666666667	0					
A-202b67	Company_305	HealthTech	US	22-03-2024	organic	Pro	11	FALSE	FALSE	9	2018.666667	24224	1	0	8	0	447	2402.478261	40	5	4	36.75	90.5	4.666666667	0	78.87	0	0	0	2
A-00bed1	Company_306	Cybersecurity	US	14-11-2023	ads	Basic	28	TRUE	FALSE	10	3350.6	40207.2	3	0	9	1	514	2818.313725	27	2	4	31.75	106.25	4	0	21.17	0	0	0	1
A-ffc04f	Company_307	EdTech	US	06-06-2024	ads	Pro	13	FALSE	FALSE	15	1335.933333	16031.2	0	1	8	3	857	3224.965116	64	7	7	17.71428571	58.57142857	4.5	1	0	0	0	0	1
A-65c341	Company_308	FinTech	US	26-12-2023	ads	Pro	11	TRUE	FALSE	8	3818.25	45819	0	0	8	1	410	3870.210526	18	4	5	41.4	87.8	4	0	0	0	0	0	2
A-dcc2f0	Company_309	FinTech	UK	22-07-2023	organic	Basic	15	FALSE	FALSE	15	1166.2	13994.4	2	0	13	2	833	3206.565789	26	8	2	27	100		0	0	1	0	0	1
A-ced9aa	Company_310	DevTools	US	05-10-2024	other	Enterprise	3	FALSE	FALSE	11	568.3636364	6820.363636	0	0	11	0	531	3035.818182	39	5	7	28.85714286	102.8571429	3	0					
A-3d957b	Company_311	HealthTech	UK	04-04-2024	other	Pro	14	FALSE	FALSE	6	1975.333333	23704	3	0	4	0	143	2913.266667	13	3	3	41.33333333	79.33333333	3	0	0	0	0	0	1
A-89ee83	Company_312	Cybersecurity	US	04-10-2024	organic	Pro	1	FALSE	TRUE	11	2264.272727	27171.27273	3	0	11	0	565	2925.864407	26	6	5	21.8	66.2	4	1					
A-883b7d	Company_313	Cybersecurity	IN	28-03-2024	other	Basic	17	FALSE	FALSE	12	2543.666667	30524	0	0	9	2	644	2871.424242	40	7	7	25.57142857	62.28571429	3.6	1					
A-dcc3f1	Company_314	HealthTech	US	27-12-2023	event	Pro	21	FALSE	FALSE	8	1593.375	19120.5	0	1	6	1	500	2874.125	32	6	9	35.66666667	83.44444444	3.8	0	0	0	0	0	2
A-c62e55	Company_315	EdTech	US	08-02-2023	partner	Basic	1	TRUE	FALSE	9	1322.444444	15869.33333	1	0	7	0	337	2720.15625	13	6	4	27.5	101.25	4	0					
A-e4144b	Company_316	EdTech	UK	22-10-2024	other	Pro	41	FALSE	FALSE	10	3542.4	42508.8	1	0	8	4	439	3102.255814	21	5	3	57	172.3333333	4	0					
A-e40f45	Company_317	HealthTech	US	18-04-2024	organic	Pro	21	FALSE	FALSE	7	1689.285714	20271.42857	3	0	6	1	401	2732.311111	26	5	7	26.71428571	96.28571429	4.333333333	0	101.23	0	0	0	1
A-96215d	Company_318	FinTech	US	08-08-2024	event	Enterprise	10	FALSE	FALSE	6	1718.666667	20624	1	0	3	0	347	3263.8125	21	5	1	25	115	3	0					
A-2b9d3e	Company_319	EdTech	US	04-06-2023	partner	Enterprise	1	FALSE	FALSE	9	571.3333333	6856	1	0	8	1	444	3168.644444	19	5	3	34.66666667	79.33333333	5	0					
A-b7724f	Company_320	HealthTech	UK	28-03-2023	organic	Basic	1	FALSE	FALSE	8	402.75	4833	0	0	7	0	380	2453.973684	16	2	3	28.66666667	92	3	0	242.55	1	0	1	3
A-310452	Company_321	DevTools	FR	25-12-2024	other	Enterprise	9	FALSE	FALSE	5	2200.6	26407.2	0	0	4	1	268	2623.24	16	4	5	34.2	113.6	3.6	0	0	1	0	0	2
A-eb1312	Company_322	FinTech	US	16-09-2024	partner	Pro	25	FALSE	FALSE	12	1512.25	18147	1	0	10	0	663	2893.030769	38	4	1	68	117	5	0	0	0	0	0	2
A-df1e44	Company_323	Cybersecurity	UK	23-02-2024	organic	Enterprise	12	FALSE	FALSE	11	1191.545455	14298.54545	1	1	8	2	420	2915.047619	14	5	2	53	109.5	5	0	0	0	0	0	2
A-6a7c9d	Company_324	Cybersecurity	US	24-10-2024	organic	Enterprise	26	FALSE	TRUE	5	2605.6	31267.2	0	0	5	0	189	3421.368421	6	1	3	34.33333333	60	4	0	178.84	0	0	0	2
A-cbd1a3	Company_325	DevTools	US	25-11-2024	other	Basic	6	FALSE	TRUE	10	1635.1	19621.2	2	0	8	1	465	2862.422222	32	3	4	34.5	81.75	4	0					
A-a8d89d	Company_326	EdTech	US	08-12-2023	ads	Pro	13	FALSE	FALSE	12	2443.333333	29320	2	0	11	1	551	3166.037037	26	5	2	44.5	139	5	0	0	0	0	0	2
A-600734	Company_327	DevTools	US	14-11-2023	organic	Pro	29	TRUE	TRUE	13	1394.769231	16737.23077	2	0	10	1	660	2754.724638	30	11	7	52.57142857	89.42857143	3.666666667	1					
A-86fc1d	Company_328	DevTools	UK	26-07-2024	partner	Basic	26	FALSE	FALSE	9	1686.777778	20241.33333	3	0	8	3	363	3002.918919	26	3	5	27	59.2	4	0	0	1	0	0	1
A-78f02b	Company_329	HealthTech	US	17-11-2024	event	Enterprise	11	FALSE	FALSE	4	3770.25	45243	1	0	3	0	211	3117.45	16	3	4	45.75	55	4	0	0	0	0	0	2
A-acb7f7	Company_330	EdTech	US	06-01-2024	ads	Basic	32	FALSE	FALSE	12	2714.5	32574	2	1	10	2	612	2848.83871	36	10	3	41	91	3.5	0	0	1	0	0	1
A-712f1c	Company_331	DevTools	US	16-12-2023	ads	Basic	17	FALSE	TRUE	12	3583.25	42999	2	0	10	1	631	2666.205882	34	5	6	41.66666667	88.83333333	4	0	68.99	0	0	0	1
A-3793ee	Company_332	Cybersecurity	CA	21-03-2023	organic	Enterprise	49	TRUE	FALSE	7	3815	45780	1	1	6	2	352	2562.657895	11	1	4	43.75	100.25	4	0	0	0	0	0	1
A-9a532a	Company_333	HealthTech	US	06-07-2024	partner	Enterprise	11	FALSE	FALSE	4	2736.25	32835	0	0	4	1	185	4199.722222	15	4	2	57.5	128.5		0					
A-2ebb4b	Company_334	HealthTech	US	15-05-2023	ads	Basic	41	FALSE	FALSE	10	3068.8	36825.6	1	0	10	2	488	2870.04	33	7	2	43.5	136.5	3	0	0	1	0	1	3
A-6843f2	Company_335	HealthTech	CA	10-12-2024	ads	Enterprise	21	FALSE	FALSE	9	1835.555556	22026.66667	0	1	9	1	481	2748.347826	17	3	2	36.5	78	3	0					
A-c9bb3e	Company_336	EdTech	US	24-03-2024	ads	Pro	5	FALSE	FALSE	10	1521.7	18260.4	1	0	9	1	474	3720.717391	20	2	7	27.71428571	86.14285714	4.2	1	0	0	0	0	2
A-4814a3	Company_337	Cybersecurity	IN	17-09-2024	event	Basic	87	FALSE	TRUE	11	7996.090909	95953.09091	2	1	8	2	587	2812.783333	45	7	4	18.75	97	4	1	0	0	0	0	1
A-b7b7b7	Company_338	FinTech	US	30-06-2024	event	Basic	24	FALSE	TRUE	12	2379.833333	28558	1	0	11	2	571	3025.272727	26	6	3	17	99	5	0					
A-ccc747	Company_339	HealthTech	FR	12-01-2024	event	Pro	16	FALSE	TRUE	6	802	9624	2	0	2	1	284	2986.066667	13	3	4	32.25	83.25	5	1	104.25	1	0	0	3
A-bb3bd4	Company_340	HealthTech	US	27-01-2024	ads	Basic	23	FALSE	FALSE	7	1064.571429	12774.85714	2	0	7	1	315	3120.3	11	1	11	32.72727273	106.3636364	4.142857143	0	0	1	0	0	2
A-09316c	Company_341	FinTech	AU	11-09-2024	organic	Enterprise	70	FALSE	FALSE	11	6363.636364	76363.63636	2	0	10	1	566	2767.796296	31	5	4	54.75	106.25	3.75	1	0	0	0	0	1
A-96bbc6	Company_342	Cybersecurity	US	07-05-2024	organic	Enterprise	39	FALSE	FALSE	8	3803.25	45639	3	1	7	0	482	3118.489796	25	5	3	51.33333333	67	3.333333333	0	125.6	2	0	1	3
A-bc4d48	Company_343	EdTech	US	12-06-2024	ads	Pro	35	TRUE	FALSE	7	1770	21240	1	0	4	1	321	2793.46875	9	1	6	41.16666667	65.83333333	4.2	1					
A-b30291	Company_344	HealthTech	US	05-04-2024	event	Basic	5	TRUE	TRUE	10	537.5	6450	0	0	10	3	519	3356.1875	31	8	1	16	1		0	277.54	0	1	0	1
A-cdf020	Company_345	DevTools	AU	16-08-2023	organic	Pro	23	FALSE	FALSE	8	2259	27108	2	0	6	1	379	2988.05	18	4	4	29.5	39.25	4	0	105.26	0	0	1	2
A-e6afc1	Company_346	DevTools	US	24-02-2023	ads	Pro	1	FALSE	FALSE	11	2052.909091	24634.90909	0	0	9	2	679	2764.605634	30	6										
A-e3bd71	Company_347	Cybersecurity	US	25-03-2023	partner	Basic	31	FALSE	FALSE	11	3784.545455	45414.54545	1	1	8	1	638	3065.967213	27	3	4	30.25	119	4	0	0	0	1	0	1
A-b179bf	Company_348	Cybersecurity	IN	27-10-2024	ads	Basic	43	FALSE	FALSE	5	3586.2	43034.4	0	0	5	2	398	2842.435897	18	5	6	24.66666667	94.33333333	4	0	0	0	0	0	3
A-098560	Company_349	DevTools	UK	21-10-2023	ads	Enterprise	1	FALSE	TRUE	11	1120.545455	13446.54545	1	0	8	1	567	3169.127273	32	8	2	28	100	3	1	34.35	0	0	0	2
A-82861f	Company_350	DevTools	UK	25-04-2024	organic	Basic	41	FALSE	FALSE	10	4363.3	52359.6	0	0	8	0	462	2617.46	43	4	5	24.4	55	3.2	0	0	0	0	0	1
A-94c3cd	Company_351	FinTech	CA	20-09-2023	other	Enterprise	32	FALSE	FALSE	6	1506	18072	0	0	4	3	306	3361.193548	18	4	4	44.75	116.5	3.5	1					
A-a33200	Company_352	HealthTech	US	15-09-2024	partner	Basic	29	FALSE	FALSE	12	2409.416667	28913	1	0	9	0	517	2745.4	26	5	3	36.33333333	88.33333333	4.5	0	21.61	1	0	0	1
A-034368	Company_353	EdTech	US	05-11-2023	event	Enterprise	19	FALSE	FALSE	5	2238.8	26865.6	0	0	4	1	265	2872.25	25	4	5	41.2	91.8	4	0	0	1	0	0	1
A-b54c01	Company_354	DevTools	US	29-09-2024	event	Enterprise	29	FALSE	FALSE	4	848.25	10179	0	0	3	1	226	2824.913043	17	3	5	42.6	77.2	3	0	0	1	0	0	1
A-d82ef9	Company_355	EdTech	UK	02-07-2024	other	Basic	26	FALSE	TRUE	14	1023.357143	12280.28571	1	2	9	5	679	2853.264706	46	5	5	39.8	91.6	4.25	1	74.94	0	0	0	1
A-bb2f49	Company_356	Cybersecurity	US	28-05-2023	other	Pro	8	FALSE	FALSE	11	2180.909091	26170.90909	2	1	10	1	618	3167.833333	42	2	3	22.33333333	102.3333333	4	0					
A-1f559b	Company_357	HealthTech	US	04-09-2023	organic	Enterprise	5	TRUE	TRUE	10	1175.6	14107.2	0	1	6	0	400	2931.675	27	4	5	50.4	116.2	4.2	0	0	0	0	0	1
A-5a215a	Company_358	EdTech	FR	05-01-2024	other	Enterprise	87	FALSE	FALSE	18	7230.666667	86768	2	0	15	4	807	3395.65	71	8	4	29.5	38	4	0					
A-3f9cc0	Company_359	HealthTech	US	03-06-2024	event	Basic	22	FALSE	FALSE	7	2848.571429	34182.85714	1	2	5	1	407	2960.02381	24	0	5	34.8	112.6	4.5	1	0	0	0	1	3
A-f9cc74	Company_360	DevTools	FR	12-10-2024	partner	Enterprise	30	TRUE	FALSE	10	1555.7	18668.4	1	0	8	4	484	2616.52	22	7	6	49.83333333	118.3333333	4	0					
A-ed510f	Company_361	Cybersecurity	IN	17-01-2023	partner	Basic	42	FALSE	FALSE	10	3616.2	43394.4	2	0	7	1	493	3280.489796	28	5	9	44.55555556	82.55555556	4	0	0	0	0	0	1
A-5c9849	Company_362	EdTech	IN	03-11-2024	partner	Basic	19	FALSE	FALSE	9	4083.888889	49006.66667	2	0	7	3	473	3293.108696	23	2	4	59.5	41		1	0	0	1	0	1
A-a7bd4b	Company_363	Cybersecurity	US	15-02-2023	ads	Enterprise	5	FALSE	FALSE	11	569.8181818	6837.818182	2	0	9	2	576	3032.218182	37	5	6	36.83333333	86.16666667	3.25	0	0	0	0	0	1
A-d4ac0e	Company_364	DevTools	UK	20-04-2024	ads	Basic	18	FALSE	FALSE	19	1450.368421	17404.42105	3	0	17	2	793	3070.2375	53	9	4	21	34	3.5	0					
A-ffdfd5	Company_365	EdTech	US	13-04-2024	organic	Basic	3	FALSE	TRUE	10	1432.2	17186.4	1	0	8	2	529	2684.788462	28	4						0	0	0	0	1
A-0dbdc6	Company_366	Cybersecurity	DE	12-02-2023	other	Pro	30	FALSE	TRUE	9	3141.444444	37697.33333	0	0	8	1	512	2982.826923	31	6	4	47	95.25	5	0	175.02	0	1	0	2
A-7cfe77	Company_367	DevTools	US	10-07-2024	ads	Pro	69	FALSE	FALSE	5	2553	30636	1	1	5	0	205	3030.631579	11	1	7	30.71428571	105.5714286	3.5	0	0	0	2	0	2
A-1f0636	Company_368	EdTech	AU	01-01-2024	partner	Pro	105	FALSE	FALSE	11	8610	103320	3	0	9	3	685	3119.411765	30	4	2	38.5	75	3.5	0					
A-40de06	Company_369	Cybersecurity	US	08-05-2023	event	Enterprise	28	FALSE	TRUE	16	1803.875	21646.5	2	1	13	2	902	2938.461538	43	14	3	40.33333333	67.66666667	4	0					
A-cb5333	Company_370	DevTools	US	26-03-2024	ads	Pro	33	FALSE	FALSE	16	1641	19692	0	1	12	3	796	3216.670732	34	8	4	30.75	85.75	3	0	0	0	0	0	1
A-309e54	Company_371	DevTools	US	09-12-2024	other	Pro	15	FALSE	FALSE	11	2595.363636	31144.36364	0	1	11	3	509	3234.596154	24	3	5	23.8	90.2	3	0	106.67	0	0	0	1
A-6e7827	Company_372	DevTools	US	26-03-2023	other	Basic	1	FALSE	FALSE	9	927.1111111	11125.33333	3	0	7	0	419	3007.487805	31	3	2	51	83.5	3.5	0	0	0	0	0	2
A-50bb9f	Company_373	Cybersecurity	US	12-07-2024	organic	Pro	2	FALSE	FALSE	8	2157.875	25894.5	2	0	7	0	276	4138.666667	15	5	7	33.28571429	74.71428571	4	0	0	0	1	1	2
A-5fe118	Company_374	Cybersecurity	US	07-11-2024	other	Enterprise	39	FALSE	FALSE	5	4458	53496	0	0	4	1	233	2852.47619	12	5	1	19	26	4	0	114.86	0	0	0	1
A-5247b3	Company_375	FinTech	UK	12-03-2024	partner	Pro	16	TRUE	FALSE	11	1071.909091	12862.90909	3	0	10	2	610	2953.533333	29	9	5	45.8	96.6	4	0	28.84	0	1	0	2
A-f44180	Company_376	Cybersecurity	UK	13-02-2023	event	Pro	9	FALSE	FALSE	11	2617.090909	31405.09091	0	0	8	3	520	3156.173077	22	10	2	46.5	123	5	0	38.15	0	0	0	1
A-c16cf7	Company_377	EdTech	US	16-10-2024	event	Pro	13	TRUE	FALSE	10	1227.4	14728.8	0	0	8	1	577	2497.344828	26	8	3	48.33333333	111.6666667	3.5	0	0	1	0	0	2
A-d42431	Company_378	FinTech	FR	09-06-2024	ads	Enterprise	22	TRUE	FALSE	9	2351.111111	28213.33333	1	1	7	0	457	2848.170213	34	6	4	24.25	119.5	4	0	17.42	1	0	0	2
A-6965e1	Company_379	DevTools	US	25-11-2024	organic	Basic	13	FALSE	FALSE	12	2313.75	27765	1	1	8	1	627	3189.050847	29	4	3	39	128.3333333	3	0	0	0	0	0	3
A-0354fe	Company_380	Cybersecurity	US	22-10-2024	other	Basic	34	FALSE	FALSE	7	2210	26520	1	0	5	2	463	3387.444444	30	3	4	20	69.25	4	0	0	0	1	0	2
A-0a62f5	Company_381	FinTech	UK	11-09-2024	partner	Pro	16	FALSE	FALSE	4	1215.25	14583	0	0	4	0	244	2995.6	7	2	2	33.5	105		0	156.45	1	1	0	5
A-f5641b	Company_382	EdTech	US	30-03-2024	other	Pro	31	FALSE	FALSE	10	3912	46944	1	1	6	1	438	3632.025641	18	4	4	47.5	98	3	1	0	0	0	0	2
A-b44e3e	Company_383	Cybersecurity	UK	12-02-2024	ads	Basic	40	FALSE	FALSE	7	6217.285714	74607.42857	3	0	6	1	387	3024.026316	13	4	3	40	75.33333333	4.333333333	0	0	0	0	0	1
A-3b37d9	Company_384	FinTech	US	27-01-2023	event	Enterprise	23	FALSE	FALSE	7	2776.428571	33317.14286	2	0	6	2	451	2979.511628	21	2	5	36	89.8	4.5	0	0	0	0	0	2
A-54d94a	Company_385	Cybersecurity	IN	01-05-2023	event	Basic	27	FALSE	FALSE	11	1141.545455	13698.54545	1	1	10	1	582	2951.898305	28	7	4	53.75	82.75	3.5	0					
A-7f29a7	Company_386	Cybersecurity	UK	18-09-2024	event	Basic	41	TRUE	FALSE	11	1714.545455	20574.54545	0	0	7	1	619	2858.209677	38	9	1	24	5	4	0	23.97	1	0	0	1
A-089363	Company_387	FinTech	AU	06-05-2023	event	Basic	2	FALSE	FALSE	14	1507.428571	18089.14286	2	0	8	5	628	3221.163934	33	9	3	35	91.33333333	3.666666667	0	0	0	0	0	1
A-524364	Company_388	DevTools	FR	31-12-2024	partner	Enterprise	3	FALSE	FALSE	6	1592	19104	0	0	6	2	237	2791.115385	24	2	3	47.66666667	75.33333333	4.333333333	0					
A-855a48	Company_389	EdTech	US	22-12-2023	partner	Pro	14	TRUE	FALSE	8	3797	45564	0	1	3	0	448	3316.090909	16	7	5	39.6	122	3.666666667	0	7.92	0	0	0	1
A-756192	Company_390	FinTech	IN	11-06-2023	other	Basic	19	FALSE	FALSE	10	2140	25680	1	0	8	2	617	2868.515625	43	3	3	37.33333333	102.3333333	4	0					
A-49b828	Company_391	FinTech	IN	05-05-2023	ads	Pro	6	FALSE	FALSE	14	2222	26664	2	0	13	1	687	2879.738462	45	10	3	13.66666667	87.66666667	3.5	1					
A-c7ffc2	Company_392	Cybersecurity	US	27-01-2023	partner	Pro	30	TRUE	FALSE	12	3009.333333	36112	3	0	9	0	640	3241.241935	28	6	2	64	86	3	0	174.92	0	0	0	2
A-751c58	Company_393	FinTech	UK	18-07-2024	organic	Basic	15	FALSE	FALSE	11	1781.545455	21378.54545	4	0	9	2	574	3385	12	3	5	39.6	130	4.333333333	0	64.22	0	0	1	3
A-72799b	Company_394	DevTools	FR	13-11-2023	event	Enterprise	20	FALSE	TRUE	10	1731.5	20778	2	1	8	2	550	2767.821429	34	10	2	33.5	80	4.5	1	0	1	0	0	1
A-812c5b	Company_395	DevTools	CA	25-02-2024	organic	Basic	55	FALSE	TRUE	13	2298.769231	27585.23077	0	0	12	4	866	3063.579545	46	11	4	27	88.25	4	0	11.83	0	0	0	1
A-69b156	Company_396	EdTech	US	21-11-2023	other	Pro	7	FALSE	TRUE	9	1588.111111	19057.33333	0	2	7	1	360	2846.75	20	2	7	32	100.5714286	4	0					
A-075038	Company_397	HealthTech	UK	12-05-2023	ads	Basic	17	FALSE	FALSE	14	1350.642857	16207.71429	1	0	11	3	743	2838.971429	31	9	2	43.5	54	3	0	6.38	0	0	0	1
A-940b8b	Company_398	HealthTech	DE	19-03-2024	organic	Basic	1	FALSE	FALSE	8	1205	14460	1	1	6	3	362	3462.4	32	3	3	41.33333333	89.33333333	4	0					
A-2d1036	Company_399	FinTech	US	14-06-2024	ads	Pro	69	FALSE	TRUE	13	4973.307692	59679.69231	0	1	10	0	692	2628.043478	40	10	5	37.8	49	4.6	1	39.09	2	0	1	2
A-0f6450	Company_400	FinTech	US	27-12-2024	other	Pro	28	TRUE	TRUE	11	2163.636364	25963.63636	0	0	8	1	539	3234.62963	39	8	8	29.75	81.625	3.833333333	1	0	0	1	0	2
A-9affe6	Company_401	Cybersecurity	US	22-03-2023	other	Pro	7	FALSE	FALSE	11	966.9090909	11602.90909	2	0	10	0	473	3081.978723	16	3	3	58	76	3	0	83.06	0	0	0	1
A-80eeb6	Company_402	Cybersecurity	UK	09-05-2023	organic	Enterprise	22	FALSE	FALSE	16	4280.5625	51366.75	4	1	15	1	725	2919.789474	43	9	4	40.25	68.25	3.666666667	1	0	0	0	0	2
A-d4e0d4	Company_403	FinTech	US	18-10-2024	other	Basic	117	FALSE	FALSE	10	13806	165672	1	1	9	0	488	2954.510204	33	6	4	39.25	76.25	4	0					
A-c7e58b	Company_404	HealthTech	IN	25-06-2023	other	Pro	3	FALSE	FALSE	7	769.1428571	9229.714286	0	0	4	1	343	3113.323529	18	1	5	30.6	98.4	3.5	0					
A-016043	Company_405	EdTech	CA	31-07-2024	organic	Basic	4	TRUE	FALSE	11	1501.454545	18017.45455	3	0	6	2	490	2810.106383	21	3	3	30.33333333	78	4	0	84.75	0	0	0	1
A-bbe56f	Company_406	HealthTech	US	16-02-2023	ads	Enterprise	21	FALSE	FALSE	5	1205	14460	1	0	5	1	232	2754.727273	8	4	4	26.25	120.5	4	0					
A-7c5768	Company_407	HealthTech	UK	02-03-2024	event	Enterprise	3	FALSE	FALSE	9	376.5555556	4518.666667	0	0	8	3	461	3092.956522	31	4	5	28.8	96.4	4	0					
A-751bd4	Company_408	Cybersecurity	UK	12-07-2024	partner	Pro	10	FALSE	FALSE	2	95	1140	0	0	2	1	92	3262.9	0	0	6	23.16666667	112	4.25	1	0	0	0	0	1
A-4e0e85	Company_409	DevTools	US	08-09-2023	organic	Enterprise	6	FALSE	FALSE	8	568	6816	1	0	7	4	288	2594.16129	9	2	2	53	119.5	5	0	0	0	1	0	2
A-ad3abd	Company_410	FinTech	US	03-03-2023	event	Pro	44	FALSE	FALSE	7	2413.714286	28964.57143	0	0	5	1	296	3271.241379	11	1	3	13	70.33333333	3	0	0	0	0	0	1
A-e19ff6	Company_411	Cybersecurity	UK	28-07-2023	partner	Enterprise	1	FALSE	FALSE	12	409.1666667	4910	1	0	7	4	456	3218.755556	24	1	3	30.66666667	115	4.666666667	0	0	0	1	0	3
A-7920cc	Company_412	Cybersecurity	FR	23-11-2023	ads	Pro	39	FALSE	FALSE	16	3255.5625	39066.75	1	0	16	2	601	2863.096774	28	4	7	32.85714286	113.4285714	4.333333333	0					
A-5a92e7	Company_413	HealthTech	US	11-06-2024	ads	Pro	4	FALSE	FALSE	19	666.8947368	8002.736842	0	0	15	4	885	3251.023529	76	8	7	45	86.14285714	4.4	0	0	2	0	0	2
A-fdfc91	Company_414	Cybersecurity	US	06-05-2023	ads	Basic	29	FALSE	FALSE	10	2061.2	24734.4	1	0	9	1	564	2823.982143	29	1	5	28.8	121	3.666666667	0					
A-1e50e0	Company_415	Cybersecurity	DE	21-02-2023	other	Pro	19	TRUE	TRUE	5	2659	31908	1	0	4	1	194	3132.5	15	2	2	20.5	143	5	1	54.94	0	0	0	2
A-1e1b80	Company_416	FinTech	CA	12-09-2023	other	Enterprise	50	FALSE	FALSE	12	4053.916667	48647	1	0	10	2	682	3078.161765	47	2	6	43	67.5	3.2	0	0	0	0	0	3
A-659280	Company_417	FinTech	IN	17-11-2023	event	Enterprise	13	TRUE	TRUE	12	1787.5	21450	2	0	3	2	613	3102.033333	34	6	4	8	123.75	4.333333333	0	27.75	0	0	0	2
A-f6b2fb	Company_418	DevTools	AU	23-04-2024	event	Basic	23	FALSE	FALSE	10	2335.9	28030.8	1	1	8	2	524	2880.218182	37	8	5	55	88.6	4	1	0	1	0	0	1
A-cb6cc6	Company_419	DevTools	US	03-04-2023	ads	Basic	13	TRUE	FALSE	7	374.5714286	4494.857143	2	0	3	2	314	2906.257143	26	0	3	16.33333333	131.6666667	3.5	0					
A-d62e02	Company_420	Cybersecurity	US	20-08-2024	partner	Pro	6	FALSE	FALSE	10	2132.4	25588.8	1	1	8	0	344	3728.147059	23	4	1	36	31	4	0					
A-d535f6	Company_421	DevTools	US	03-09-2024	organic	Basic	12	TRUE	TRUE	9	823.8888889	9886.666667	1	3	8	3	477	3107.510638	29	4						0	1	0	0	2
A-39868b	Company_422	FinTech	AU	17-03-2024	partner	Pro	9	FALSE	FALSE	5	838.8	10065.6	1	0	2	1	305	3796.142857	21	5	6	39	100.8333333	4.25	0	0	1	0	1	2
A-3cc791	Company_423	EdTech	US	10-01-2024	other	Enterprise	6	FALSE	FALSE	8	1065.25	12783	0	0	6	2	447	3239.826087	30	5	6	48.33333333	95.83333333	4.25	1	0	0	0	1	1
A-337bc1	Company_424	Cybersecurity	US	19-07-2023	organic	Pro	30	TRUE	FALSE	7	2768.428571	33221.14286	2	2	6	2	425	3281.744186	34	4	4	32.5	62.75	4	1	0	0	0	0	2
A-58b9ff	Company_425	DevTools	IN	31-05-2024	partner	Enterprise	2	FALSE	FALSE	13	1741.692308	20900.30769	1	1	8	2	667	3088.107692	32	7	2	66	79	4	1	0	0	0	0	1
A-bf7919	Company_426	HealthTech	US	27-11-2024	organic	Pro	3	FALSE	FALSE	6	260	3120	0	0	4	3	262	2979.153846	14	4	2	14.5	81.5	5	0	0	0	1	0	2
A-1d5444	Company_427	Cybersecurity	US	18-01-2024	partner	Basic	24	FALSE	TRUE	14	2211.285714	26535.42857	2	0	10	2	592	3085.271186	35	6	2	30	62.5	4	0	0	0	0	0	1
A-0f3e88	Company_428	HealthTech	US	23-07-2023	other	Basic	7	FALSE	TRUE	11	511.2727273	6135.272727	2	0	8	1	598	2993.728814	28	6	3	48	67	4.5	0	0	0	0	0	1
A-7641d3	Company_429	EdTech	US	16-02-2023	partner	Pro	8	TRUE	TRUE	11	1096.363636	13156.36364	0	1	8	2	519	3295.1	26	4	5	45.2	124.6	4.333333333	2	131.4	1	0	0	2
A-cd458b	Company_430	DevTools	US	15-06-2024	other	Basic	10	TRUE	FALSE	15	2886.066667	34632.8	0	1	13	0	864	3174.095238	45	2	5	38.4	81.2	4.6	0	0	0	0	0	1
A-c16b88	Company_431	HealthTech	US	02-12-2023	event	Enterprise	23	FALSE	FALSE	9	2259.777778	27117.33333	2	0	6	3	457	3228.3125	24	6	3	48.33333333	137.6666667	3	0	0	1	0	0	1
A-59f724	Company_432	HealthTech	US	03-11-2023	other	Enterprise	3	TRUE	FALSE	12	814.4166667	9773	2	0	9	3	696	3260.161765	47	6	4	19.25	94.5	4.25	0					
A-87aa7b	Company_433	HealthTech	US	16-05-2024	organic	Pro	24	TRUE	FALSE	16	1430.0625	17160.75	4	2	13	2	742	2924.236111	35	6	3	27.33333333	72.66666667		1	136	1	1	0	3
A-1e6fc3	Company_434	EdTech	FR	06-12-2023	other	Pro	1	FALSE	FALSE	4	111	1332	0	0	4	2	244	3279.769231	19	1	5	23.8	88.6	3.666666667	0	0	0	0	0	1
A-39ddf4	Company_435	EdTech	US	05-12-2024	partner	Enterprise	40	FALSE	FALSE	9	3981.777778	47781.33333	0	0	7	0	455	3035.956522	36	6	5	23	76.2	4.25	0	0	0	0	0	1
A-34ea2f	Company_436	HealthTech	US	15-08-2024	organic	Enterprise	8	FALSE	TRUE	12	1215.25	14583	3	0	8	3	550	3072.929825	30	3	8	35.25	65.625	3.8	0	1.85	2	0	0	2
A-716841	Company_437	FinTech	US	06-05-2024	other	Pro	45	FALSE	FALSE	8	3279.25	39351	0	0	8	2	344	3269.441176	13	1	5	29.8	112.8	4	0	0	0	0	0	1
A-558c72	Company_438	FinTech	US	01-06-2023	organic	Basic	12	FALSE	FALSE	7	1310.142857	15721.71429	1	0	6	0	296	2784.566667	16	4	4	64.25	79.25	4.5	1	43.01	0	0	0	1
A-b11cd0	Company_439	DevTools	US	20-01-2023	ads	Pro	26	TRUE	TRUE	6	801	9612	0	0	6	2	278	2955.551724	16	1	4	38.5	140.75	4	0					
A-cc1d8d	Company_440	FinTech	US	08-12-2024	other	Pro	5	FALSE	FALSE	13	688.2307692	8258.769231	1	1	11	3	618	3243.888889	48	11	5	30.2	99.2	4.5	0	217.22	0	0	0	2
A-7f4db3	Company_441	FinTech	US	05-03-2023	other	Pro	4	FALSE	FALSE	15	1751.733333	21020.8	0	1	13	4	844	3088.888889	46	6	5	16.6	91.4	3.25	1	0	1	0	0	1
A-db5e9e	Company_442	DevTools	US	09-11-2024	partner	Basic	4	FALSE	FALSE	8	1156.375	13876.5	0	1	6	2	586	2997.45614	27	7	2	66	97.5	5	0	0	0	0	0	1
A-cc102e	Company_443	HealthTech	US	15-04-2024	partner	Enterprise	13	FALSE	FALSE	10	1006.3	12075.6	1	0	8	1	394	2827.069767	39	5	4	33.25	109	4.333333333	0	111.16	0	0	0	3
A-82d8a6	Company_444	Cybersecurity	UK	28-11-2024	ads	Basic	5	FALSE	FALSE	17	1645.058824	19740.70588	5	2	15	4	661	2836.257143	38	9	5	42.2	112	3.5	0	0	0	0	0	1
A-dec005	Company_445	HealthTech	US	13-10-2023	partner	Pro	21	FALSE	FALSE	10	3074.4	36892.8	1	0	7	2	475	2847.313725	44	6	2	59	152	3	0	0	0	0	0	1
A-5790f4	Company_446	FinTech	UK	22-12-2024	event	Pro	1	TRUE	FALSE	6	3154.333333	37852	0	0	3	1	321	2739.657143	26	2	4	44	57.25	4	1	444.1	2	0	0	3
A-7c83a1	Company_447	Cybersecurity	US	06-05-2024	partner	Pro	12	FALSE	FALSE	12	1394.25	16731	0	1	11	2	632	3282.403226	23	4	4	42	86.25	4	0	0	1	0	0	1
A-297a2d	Company_448	HealthTech	UK	05-05-2023	event	Pro	27	FALSE	FALSE	5	2874.6	34495.2	3	0	4	1	244	2816.48	22	6	2	32.5	84.5	3	0					
A-4c56c9	Company_449	FinTech	US	20-12-2023	partner	Enterprise	9	FALSE	TRUE	13	2343.923077	28127.07692	0	0	10	2	623	3061.359375	38	7	5	38.6	68.2	3.75	0	44.23	1	0	0	1
A-cbbe12	Company_450	Cybersecurity	DE	22-03-2023	partner	Enterprise	40	FALSE	FALSE	6	2180.166667	26162	1	1	5	2	178	2271.954545	10	0	6	38	74.5	4.25	0					
A-4a267b	Company_451	FinTech	US	05-05-2024	other	Pro	25	FALSE	FALSE	10	2968.7	35624.4	1	1	9	2	498	3019.68	22	7	4	16.25	105	4.333333333	0	64.54	0	0	0	1
A-bcbe98	Company_452	Cybersecurity	US	29-07-2024	other	Enterprise	46	FALSE	FALSE	11	1969.636364	23635.63636	2	1	9	2	635	2671.061538	43	12	7	38.28571429	61.57142857	4	1	0	0	0	0	1
A-427b69	Company_453	FinTech	US	23-08-2024	other	Basic	17	FALSE	FALSE	10	1995.8	23949.6	0	0	7	2	698	3082.914286	36	11	2	31.5	109.5	3	0					
A-0be015	Company_454	FinTech	US	15-10-2024	event	Pro	19	FALSE	FALSE	5	235.6	2827.2	0	0	3	2	297	3150.178571	13	3	7	40.28571429	84.85714286	4.2	1	74.68	0	0	0	1
A-054577	Company_455	EdTech	UK	28-04-2024	ads	Basic	2	FALSE	FALSE	16	2787.5625	33450.75	1	1	14	1	833	2585.258824	52	10	1	46	70	4	0					
A-bc87bc	Company_456	FinTech	US	17-07-2024	event	Pro	3	FALSE	FALSE	8	1504	18048	0	0	8	1	394	3754.444444	14	3	7	40.57142857	112	3.75	0					
A-0f7d77	Company_457	FinTech	IN	28-10-2024	partner	Pro	3	FALSE	FALSE	6	387.6666667	4652	0	0	3	1	298	3131.1	19	1	5	27.2	74.6	5	0	0	0	0	1	1
A-e7beab	Company_458	EdTech	DE	20-10-2023	organic	Enterprise	5	FALSE	FALSE	7	1618.857143	19426.28571	0	0	7	1	373	3640.944444	17	2	6	36.66666667	124.6666667	4	0	0	0	1	0	1
A-a09355	Company_459	FinTech	US	10-08-2024	organic	Basic	14	FALSE	FALSE	16	2133.75	25605	0	1	14	1	788	2782.871795	47	8	5	32.6	66.6	4	0	135.11	1	0	0	2
A-31ab9a	Company_460	FinTech	DE	03-03-2024	organic	Pro	3	FALSE	FALSE	7	2257.428571	27089.14286	0	0	6	1	340	3821.088235	23	4	7	43.14285714	67.71428571	3.5	0	0	0	0	1	2
A-0158bb	Company_461	FinTech	DE	22-05-2024	partner	Basic	5	FALSE	FALSE	6	678.3333333	8140	1	0	5	2	364	3390.305556	22	3	1	32	50	3	0					
A-f19b24	Company_462	Cybersecurity	US	10-01-2023	organic	Pro	29	TRUE	FALSE	3	841	10092	0	0	3	0	119	3834.333333	10	0	2	35.5	74	4	1					
A-798a3f	Company_463	DevTools	FR	19-10-2023	other	Enterprise	12	FALSE	TRUE	9	1572.444444	18869.33333	1	0	7	2	352	2841.783784	19	3	5	33	45.2	4	0	0	0	0	0	1
A-42b791	Company_464	FinTech	AU	20-05-2024	event	Pro	3	FALSE	FALSE	7	2722.857143	32674.28571	0	0	4	0	312	2646.65625	6	2	3	33.66666667	72	4	0					
A-068fc6	Company_465	EdTech	US	17-07-2023	event	Enterprise	35	FALSE	FALSE	10	2908.5	34902	1	0	9	1	598	3204.016949	29	5	5	38.8	121.4	4.333333333	0					
A-6f50ae	Company_466	FinTech	US	21-09-2023	partner	Pro	19	FALSE	TRUE	14	1900.571429	22806.85714	0	1	9	2	811	2891.710843	48	5	5	31	87.4	4.5	0	0	0	0	1	2
A-a2485e	Company_467	FinTech	US	04-08-2024	event	Pro	3	TRUE	FALSE	6	1462.5	17550	0	1	4	0	317	3665.964286	13	5										
A-bb1eaa	Company_468	Cybersecurity	US	11-06-2024	organic	Basic	21	FALSE	FALSE	5	2076.2	24914.4	0	1	5	0	164	2666.882353	7	2	6	23.5	92.33333333	4.5	0	0	0	1	0	1
A-cc98bc	Company_469	DevTools	US	24-05-2023	ads	Basic	32	FALSE	FALSE	10	2156.7	25880.4	1	0	9	2	551	3027.735849	24	3	3	4.666666667	122.3333333	4	0					
A-d77f4c	Company_470	DevTools	US	25-09-2023	partner	Pro	4	TRUE	FALSE	14	3480.428571	41765.14286	4	1	11	1	617	2936.225806	32	6	2	31	75	4	0	0	0	2	0	3
A-ccabf0	Company_471	HealthTech	IN	06-11-2023	organic	Pro	1	FALSE	FALSE	10	2237.9	26854.8	0	1	9	1	506	3381.76	29	8	4	46.25	89.75	3.666666667	0	0	1	0	0	2
A-700ade	Company_472	Cybersecurity	UK	31-10-2024	organic	Enterprise	1	TRUE	FALSE	8	2109.375	25312.5	0	0	5	0	284	2944.172414	18	2	4	30.25	53.5	4.666666667	0					
A-4a4c2d	Company_473	DevTools	US	02-05-2023	event	Enterprise	54	FALSE	FALSE	13	2612.769231	31353.23077	1	1	10	2	587	2783.186441	37	1	5	42	104	4.25	0					
A-b7ef83	Company_474	Cybersecurity	UK	29-05-2024	partner	Pro	1	TRUE	FALSE	15	2391.2	28694.4	2	0	10	0	738	3010.791667	39	8	2	47.5	79	4	0	60.25	1	0	1	2
A-e08cd3	Company_475	FinTech	US	21-09-2024	ads	Pro	67	TRUE	FALSE	11	6456.363636	77476.36364	0	1	7	1	432	3210.790698	21	7	8	30.375	93	4	0	0	0	0	0	2
A-19b2c8	Company_476	DevTools	IN	06-06-2023	other	Pro	20	FALSE	FALSE	13	2054.076923	24648.92308	1	0	9	1	601	2990.492063	34	4	3	29.33333333	90	4.666666667	0	0	0	0	0	1
A-970c97	Company_477	HealthTech	DE	01-03-2024	other	Enterprise	14	FALSE	FALSE	8	1922.625	23071.5	0	1	4	0	444	3039.363636	24	2	1	61	139	5	0					
A-6dee43	Company_478	FinTech	UK	12-08-2023	other	Basic	3	TRUE	FALSE	11	2070	24840	1	0	8	2	461	2969.5	11	2	5	44.2	48.8	4.333333333	0	143.8	0	0	0	1
A-5ed98d	Company_479	DevTools	US	22-06-2024	partner	Basic	24	FALSE	FALSE	8	1934.75	23217	1	0	7	1	312	2822.3125	18	2	5	35.8	91.8	5	0	0	0	1	0	2
A-c58f49	Company_480	EdTech	US	31-07-2024	other	Enterprise	70	TRUE	FALSE	7	10140	121680	1	0	7	1	363	2856.315789	22	3	3	36.33333333	60	5	1	159.96	1	1	0	3
A-9c18c4	Company_481	HealthTech	US	27-07-2023	ads	Pro	11	FALSE	TRUE	10	1782.3	21387.6	3	0	9	1	556	3186.660714	37	4	4	42.25	130.25	4	0					
A-cc8c8f	Company_482	DevTools	US	16-06-2024	ads	Enterprise	23	FALSE	FALSE	7	2228.571429	26742.85714	1	1	6	2	268	2392.25	18	1	2	14.5	123	3.5	0	0	1	0	0	1
A-5f7781	Company_483	DevTools	US	20-08-2024	other	Pro	22	FALSE	FALSE	5	2050.4	24604.8	1	0	4	1	183	3861.388889	10	2	2	28.5	42	4	0	0	0	0	0	1
A-e1b9cd	Company_484	DevTools	US	26-02-2023	event	Pro	40	FALSE	TRUE	15	2469.466667	29633.6	0	3	10	1	840	3045.2	47	9	1	35	115	3	0	0	0	0	0	1
A-ac85cd	Company_485	EdTech	US	31-07-2024	partner	Enterprise	53	FALSE	FALSE	12	3438.916667	41267	1	2	11	1	634	2793.68254	29	5	3	33.66666667	76.33333333	3.5	0	186.33	0	0	1	2
A-d792a6	Company_486	DevTools	US	23-01-2023	organic	Enterprise	4	FALSE	FALSE	15	1536.6	18439.2	1	1	14	4	690	2991.102941	40	7	5	40.6	97.8	4	0	0	0	0	0	2
A-ac9111	Company_487	HealthTech	US	12-08-2023	event	Pro	21	TRUE	FALSE	16	1664.125	19969.5	0	1	14	2	808	3064.216867	46	10	3	24.66666667	89.66666667	5	0	0	1	0	0	1
A-18793f	Company_488	EdTech	US	18-12-2024	organic	Basic	148	TRUE	FALSE	11	7144.363636	85732.36364	1	0	9	2	486	3506.458333	20	4	5	45.2	101.6	3.8	0	25.41	1	0	0	1
A-9f0b68	Company_489	EdTech	US	28-04-2024	ads	Basic	10	FALSE	FALSE	12	2376.5	28518	2	1	9	1	709	2773.185714	33	12	3	30.33333333	96.33333333	3	0	0	2	0	0	2
A-d3c88e	Company_490	DevTools	US	18-10-2024	event	Pro	16	FALSE	FALSE	13	2014.076923	24168.92308	3	0	9	2	644	3195.046875	48	11	3	58	48	4	0	0	0	0	0	1
A-ccb686	Company_491	DevTools	US	22-01-2024	other	Basic	10	FALSE	FALSE	12	1795.083333	21541	4	1	8	2	721	2912.114286	46	8	1	67	30	4	0	25.92	1	0	0	3
A-118f1c	Company_492	Cybersecurity	US	31-10-2024	other	Pro	32	FALSE	FALSE	8	6520	78240	0	0	5	1	369	2547.789474	14	2	1	64	141	3	0	0	0	0	0	1
A-0e966d	Company_493	FinTech	IN	25-06-2024	ads	Basic	11	FALSE	TRUE	11	1131.363636	13576.36364	0	0	9	1	636	3088.828125	34	11	3	31.66666667	95.33333333	4.5	1					
A-b9f5b1	Company_494	Cybersecurity	US	24-01-2023	other	Pro	15	TRUE	FALSE	7	1010.285714	12123.42857	0	0	5	3	307	3019.2	12	3	6	31.83333333	75.66666667	3.333333333	1	0	0	0	0	1
A-8ae3fc	Company_495	DevTools	CA	28-06-2024	ads	Pro	9	FALSE	FALSE	8	555.875	6670.5	0	0	8	1	402	3339.538462	30	5	4	39.5	65.5	3.5	0	0	0	0	0	1
A-55f257	Company_496	FinTech	US	21-12-2023	organic	Basic	9	FALSE	FALSE	10	1213.7	14564.4	3	0	8	3	476	2754.188679	25	6	6	43.16666667	114.5	5	0					
A-d26ab4	Company_497	DevTools	UK	07-11-2024	organic	Basic	9	FALSE	TRUE	9	1845.888889	22150.66667	0	1	7	4	458	2638.673913	24	3	2	49.5	110	4	0	86.02	0	0	0	1
A-712533	Company_498	EdTech	US	31-07-2023	organic	Pro	18	FALSE	FALSE	12	1615.166667	19382	1	0	11	2	571	3273.745455	35	4	5	37.4	97.2	3.75	0	0	1	0	0	1
A-781cc0	Company_499	EdTech	US	04-09-2024	organic	Pro	12	FALSE	FALSE	16	1144.6875	13736.25	2	0	11	3	864	3103.54023	42	7	4	57.5	106	3.666666667	0	0	2	0	0	2
